lead_id,icp_fit_score,intent_score,lead_score,score_band,priority_tier_scored
lead_00001,63.7,81.3,66.0,medium,p3
lead_00002,65.7,55.1,59.9,low,p3
lead_00003,100.0,81.4,84.2,high,p1
lead_00004,74.4,69.4,83.8,high,p1
lead_00005,83.3,62.7,69.5,medium,p2
lead_00006,62.2,71.9,60.3,medium,p3
lead_00007,56.2,83.6,64.8,medium,p3
lead_00008,79.3,87.6,81.9,high,p1
lead_00009,71.0,100.0,79.1,medium,p2
lead_00010,42.7,57.9,57.0,low,p3
lead_00011,47.9,44.5,50.2,low,p3
lead_00012,76.2,72.0,77.0,medium,p2
lead_00013,48.0,36.6,33.1,low,p4
lead_00014,88.1,78.7,74.8,medium,p2
lead_00015,54.8,74.1,67.0,medium,p3
lead_00016,46.3,51.1,38.9,low,p4
lead_00017,52.9,69.1,71.3,medium,p2
lead_00018,83.0,73.0,79.3,medium,p2
lead_00019,75.7,47.6,73.9,medium,p2
lead_00020,76.7,74.3,78.1,medium,p2
lead_00021,62.8,90.5,69.2,medium,p2
lead_00022,79.0,68.0,77.7,medium,p2
lead_00023,63.0,51.7,59.5,low,p3
lead_00024,73.0,50.2,68.9,medium,p2
lead_00025,68.3,61.7,59.7,low,p3
lead_00026,63.1,74.9,56.7,low,p3
lead_00027,63.3,74.7,48.1,low,p4
lead_00028,68.7,70.5,67.9,medium,p3
lead_00029,82.2,73.1,68.0,medium,p2
lead_00030,32.8,82.7,56.1,low,p3
lead_00031,74.4,49.9,62.5,medium,p3
lead_00032,37.0,47.3,40.8,low,p4
lead_00033,67.3,93.2,70.7,medium,p2
lead_00034,55.9,48.5,44.7,low,p4
lead_00035,97.1,71.6,87.1,high,p1
lead_00036,54.7,63.0,58.9,low,p3
lead_00037,50.9,57.8,46.5,low,p4
lead_00038,61.7,65.9,54.5,low,p3
lead_00039,70.0,63.1,62.8,medium,p3
lead_00040,46.4,64.9,48.8,low,p4
lead_00041,58.7,82.8,57.6,low,p3
lead_00042,100.0,68.7,83.7,high,p1
lead_00043,66.5,90.6,75.2,medium,p1
lead_00044,60.5,47.6,51.6,low,p3
lead_00045,76.9,82.1,74.6,medium,p2
lead_00046,48.0,49.2,43.6,low,p4
lead_00047,64.4,74.9,67.7,medium,p3
lead_00048,58.0,69.9,59.5,low,p3
lead_00049,52.6,66.1,56.6,low,p3
lead_00050,65.5,63.8,64.0,medium,p3
lead_00051,61.1,57.2,68.2,medium,p2
lead_00052,35.6,59.7,36.4,low,p4
lead_00053,69.5,70.4,58.2,low,p3
lead_00054,66.0,87.3,76.3,medium,p2
lead_00055,72.3,38.2,52.5,low,p3
lead_00056,64.5,78.7,75.0,medium,p2
lead_00057,83.0,81.1,92.6,high,p1
lead_00058,59.3,57.8,56.0,low,p3
lead_00059,45.2,64.2,40.8,low,p4
lead_00060,60.6,62.9,64.6,medium,p3
lead_00061,81.6,40.7,73.1,medium,p2
lead_00062,79.1,74.3,65.1,medium,p3
lead_00063,59.3,83.9,66.7,medium,p3
lead_00064,67.5,62.1,54.3,low,p3
lead_00065,66.6,90.3,79.0,medium,p1
lead_00066,75.2,98.1,76.0,medium,p1
lead_00067,52.4,91.5,71.5,medium,p2
lead_00068,64.0,64.0,55.3,low,p3
lead_00069,80.9,73.6,74.8,medium,p2
lead_00070,60.8,74.8,62.9,medium,p3
lead_00071,44.2,85.8,71.8,medium,p2
lead_00072,93.2,69.7,75.8,medium,p2
lead_00073,65.0,65.3,57.6,low,p3
lead_00074,95.5,33.4,63.9,medium,p3
lead_00075,79.2,49.8,60.3,medium,p3
lead_00076,85.3,97.3,79.5,medium,p1
lead_00077,38.8,46.0,30.6,low,p4
lead_00078,37.5,45.5,47.3,low,p4
lead_00079,61.6,58.6,50.4,low,p3
lead_00080,66.9,96.8,70.3,medium,p1
lead_00081,92.1,71.6,76.8,medium,p2
lead_00082,63.6,70.0,75.1,medium,p2
lead_00083,65.3,72.7,62.6,medium,p3
lead_00084,79.7,47.8,62.7,medium,p3
lead_00085,98.4,17.9,58.1,low,p3
lead_00086,83.8,69.9,74.0,medium,p2
lead_00087,67.3,53.5,58.1,low,p3
lead_00088,51.2,99.4,67.0,medium,p1
lead_00089,79.0,67.0,74.7,medium,p2
lead_00090,87.3,77.5,74.1,medium,p2
lead_00091,47.5,93.4,59.9,low,p1
lead_00092,67.0,46.0,60.4,medium,p3
lead_00093,48.4,45.7,41.2,low,p4
lead_00094,60.2,72.3,62.1,medium,p3
lead_00095,61.7,69.5,55.0,low,p3
lead_00096,89.0,88.9,85.0,high,p1
lead_00097,69.8,89.5,74.2,medium,p2
lead_00098,54.8,75.4,53.7,low,p3
lead_00099,55.1,52.2,48.4,low,p4
lead_00100,76.5,90.2,85.7,high,p1
lead_00101,71.0,69.1,62.0,medium,p3
lead_00102,25.0,69.6,32.2,low,p4
lead_00103,39.1,55.1,49.0,low,p4
lead_00104,51.7,90.6,69.7,medium,p2
lead_00105,54.5,88.0,74.5,medium,p2
lead_00106,65.2,49.0,51.2,low,p3
lead_00107,50.7,78.2,54.3,low,p3
lead_00108,53.4,67.7,43.6,low,p4
lead_00109,53.3,69.9,58.0,low,p3
lead_00110,59.1,53.1,50.1,low,p3
lead_00111,45.7,48.4,44.5,low,p4
lead_00112,53.7,65.0,57.7,low,p3
lead_00113,77.5,53.6,50.8,low,p3
lead_00114,83.8,64.9,65.5,medium,p3
lead_00115,69.9,77.2,81.2,high,p2
lead_00116,83.5,93.1,75.9,medium,p2
lead_00117,65.5,52.0,58.0,low,p3
lead_00118,80.6,67.5,63.9,medium,p3
lead_00119,48.3,87.6,66.3,medium,p3
lead_00120,77.3,72.8,72.8,medium,p2
lead_00121,44.2,70.0,44.9,low,p4
lead_00122,75.0,62.4,45.5,low,p4
lead_00123,75.1,57.8,61.9,medium,p3
lead_00124,71.0,100.0,80.7,high,p1
lead_00125,70.7,66.9,71.0,medium,p2
lead_00126,74.4,70.1,73.9,medium,p2
lead_00127,46.0,100.0,79.6,medium,p1
lead_00128,69.0,32.6,58.6,low,p3
lead_00129,48.3,72.6,49.6,low,p4
lead_00130,100.0,53.0,74.6,medium,p2
lead_00131,47.3,69.3,54.0,low,p3
lead_00132,92.9,62.3,82.1,high,p1
lead_00133,51.7,52.9,48.7,low,p4
lead_00134,86.9,80.6,85.0,high,p1
lead_00135,83.7,85.9,75.5,medium,p1
lead_00136,85.4,100.0,77.7,medium,p1
lead_00137,72.8,70.2,76.6,medium,p2
lead_00138,68.2,64.8,65.1,medium,p3
lead_00139,69.7,67.0,56.3,low,p3
lead_00140,86.8,66.1,67.7,medium,p3
lead_00141,61.8,83.9,74.6,medium,p2
lead_00142,53.0,5.0,34.3,low,p4
lead_00143,53.6,69.2,63.9,medium,p3
lead_00144,81.6,89.4,86.0,high,p1
lead_00145,82.5,87.8,88.4,high,p1
lead_00146,70.4,55.8,74.9,medium,p2
lead_00147,58.9,85.1,62.1,medium,p1
lead_00148,71.5,19.0,41.8,low,p4
lead_00149,66.6,73.3,71.7,medium,p2
lead_00150,42.7,74.9,62.8,medium,p3
lead_00151,90.8,75.7,76.4,medium,p2
lead_00152,59.2,100.0,78.9,medium,p1
lead_00153,57.7,33.8,38.7,low,p4
lead_00154,66.8,69.4,52.7,low,p3
lead_00155,66.9,34.8,57.3,low,p3
lead_00156,82.9,65.7,76.9,medium,p2
lead_00157,62.9,86.8,67.7,medium,p1
lead_00158,67.9,52.9,60.8,medium,p3
lead_00159,81.8,54.0,68.5,medium,p2
lead_00160,45.7,25.8,36.2,low,p4
lead_00161,63.2,61.0,47.8,low,p4
lead_00162,62.3,67.8,54.8,low,p3
lead_00163,39.1,58.5,49.7,low,p4
lead_00164,71.8,42.1,54.9,low,p3
lead_00165,70.4,41.9,54.3,low,p3
lead_00166,76.8,40.1,64.2,medium,p3
lead_00167,80.7,59.0,61.9,medium,p3
lead_00168,82.5,61.6,53.3,low,p3
lead_00169,78.6,82.5,79.4,medium,p2
lead_00170,45.7,58.1,54.9,low,p3
lead_00171,76.2,42.5,68.6,medium,p2
lead_00172,63.0,77.6,59.4,low,p3
lead_00173,64.3,67.2,63.8,medium,p3
lead_00174,54.4,36.0,53.8,low,p3
lead_00175,61.5,84.0,72.6,medium,p2
lead_00176,74.4,52.2,63.6,medium,p3
lead_00177,78.1,64.5,77.1,medium,p2
lead_00178,59.0,45.1,54.6,low,p3
lead_00179,46.5,99.8,75.0,medium,p1
lead_00180,80.2,78.9,70.1,medium,p2
lead_00181,34.8,89.9,48.7,low,p1
lead_00182,100.0,86.1,86.9,high,p1
lead_00183,64.2,71.4,63.2,medium,p3
lead_00184,78.0,88.0,77.7,medium,p2
lead_00185,49.6,86.5,51.0,low,p1
lead_00186,86.2,87.3,77.3,medium,p2
lead_00187,93.6,73.5,75.9,medium,p2
lead_00188,90.5,50.5,76.8,medium,p2
lead_00189,38.2,63.1,48.8,low,p4
lead_00190,50.4,70.0,55.4,low,p3
lead_00191,72.8,73.1,69.9,medium,p2
lead_00192,84.1,65.5,70.6,medium,p2
lead_00193,80.5,66.9,78.3,medium,p2
lead_00194,67.3,64.8,56.9,low,p3
lead_00195,71.2,52.5,53.7,low,p3
lead_00196,81.0,75.6,78.1,medium,p2
lead_00197,77.4,77.3,70.5,medium,p2
lead_00198,68.9,83.4,71.6,medium,p2
lead_00199,87.0,59.4,63.6,medium,p3
lead_00200,52.9,39.6,46.8,low,p4
lead_00201,64.8,77.3,65.5,medium,p3
lead_00202,88.8,70.8,76.0,medium,p2
lead_00203,71.9,99.6,73.3,medium,p1
lead_00204,62.2,59.7,61.6,medium,p3
lead_00205,57.7,63.2,54.0,low,p3
lead_00206,87.5,65.0,83.8,high,p1
lead_00207,61.8,63.4,58.7,low,p3
lead_00208,84.9,59.4,70.0,medium,p2
lead_00209,71.1,84.9,76.7,medium,p2
lead_00210,63.6,64.7,68.4,medium,p2
lead_00211,76.9,100.0,82.4,high,p1
lead_00212,79.4,44.9,67.7,medium,p3
lead_00213,56.1,66.2,54.9,low,p3
lead_00214,77.3,74.8,67.4,medium,p3
lead_00215,62.2,85.7,72.7,medium,p2
lead_00216,48.0,77.7,52.1,low,p3
lead_00217,68.4,73.0,70.4,medium,p2
lead_00218,83.9,48.1,66.3,medium,p3
lead_00219,75.6,51.4,56.4,low,p3
lead_00220,62.0,63.8,49.8,low,p4
lead_00221,84.7,44.6,72.5,medium,p2
lead_00222,65.2,97.4,79.2,medium,p2
lead_00223,53.7,48.6,51.5,low,p3
lead_00224,79.6,95.4,76.6,medium,p1
lead_00225,100.0,96.9,91.1,high,p1
lead_00226,83.2,48.9,64.4,medium,p3
lead_00227,53.1,100.0,61.7,medium,p1
lead_00228,59.8,62.6,66.6,medium,p3
lead_00229,71.4,65.2,70.8,medium,p2
lead_00230,78.4,81.6,84.9,high,p1
lead_00231,62.5,44.2,52.9,low,p3
lead_00232,76.4,60.0,73.8,medium,p2
lead_00233,63.2,60.3,61.4,medium,p3
lead_00234,72.0,94.0,76.8,medium,p2
lead_00235,75.7,83.5,82.0,high,p2
lead_00236,78.8,77.9,64.6,medium,p3
lead_00237,45.1,97.0,68.6,medium,p1
lead_00238,57.7,75.5,73.7,medium,p2
lead_00239,96.8,87.3,83.7,high,p1
lead_00240,55.4,15.0,41.2,low,p4
lead_00241,95.5,95.4,92.9,high,p1
lead_00242,55.8,52.8,45.6,low,p4
lead_00243,77.7,56.4,77.3,medium,p2
lead_00244,61.8,70.5,52.3,low,p3
lead_00245,62.2,63.0,55.0,low,p3
lead_00246,44.9,63.0,45.3,low,p4
lead_00247,64.1,93.2,74.7,medium,p1
lead_00248,73.5,49.6,54.7,low,p3
lead_00249,79.7,100.0,81.8,high,p2
lead_00250,71.1,43.1,40.3,low,p4
lead_00251,54.9,100.0,74.9,medium,p2
lead_00252,100.0,67.7,66.4,medium,p3
lead_00253,64.5,81.1,68.6,medium,p2
lead_00254,79.9,64.5,74.1,medium,p2
lead_00255,51.0,68.5,58.2,low,p3
lead_00256,60.8,42.1,48.6,low,p4
lead_00257,94.2,85.0,92.0,high,p1
lead_00258,60.0,53.1,58.9,low,p3
lead_00259,89.7,72.5,75.5,medium,p2
lead_00260,47.5,80.6,65.5,medium,p3
lead_00261,48.5,49.3,54.1,low,p3
lead_00262,57.0,90.0,65.0,medium,p1
lead_00263,74.6,74.8,67.5,medium,p3
lead_00264,83.8,80.9,82.5,high,p1
lead_00265,73.6,70.8,67.0,medium,p3
lead_00266,62.0,91.4,77.2,medium,p2
lead_00267,78.7,57.3,73.9,medium,p2
lead_00268,59.9,60.7,65.0,medium,p3
lead_00269,50.9,57.3,49.4,low,p4
lead_00270,39.6,68.7,46.8,low,p4
lead_00271,60.0,52.3,48.1,low,p4
lead_00272,65.3,74.4,66.3,medium,p3
lead_00273,71.7,100.0,79.6,medium,p2
lead_00274,88.5,86.9,81.8,high,p2
lead_00275,83.8,74.4,77.8,medium,p2
lead_00276,62.8,70.1,63.9,medium,p3
lead_00277,40.4,91.9,74.4,medium,p1
lead_00278,60.4,75.0,70.2,medium,p2
lead_00279,49.5,81.7,57.3,low,p3
lead_00280,90.1,59.6,75.2,medium,p2
lead_00281,63.5,97.5,72.9,medium,p2
lead_00282,93.3,81.3,85.7,high,p1
lead_00283,69.2,46.0,41.4,low,p4
lead_00284,81.0,49.2,69.5,medium,p2
lead_00285,81.9,91.6,88.6,high,p1
lead_00286,23.5,74.1,42.2,low,p4
lead_00287,96.3,84.6,90.1,high,p1
lead_00288,54.2,46.6,44.8,low,p4
lead_00289,40.8,47.4,34.2,low,p4
lead_00290,59.9,76.1,67.8,medium,p3
lead_00291,65.6,49.0,49.7,low,p4
lead_00292,53.6,48.2,48.3,low,p4
lead_00293,36.7,75.6,49.6,low,p4
lead_00294,63.3,79.0,67.3,medium,p3
lead_00295,88.2,32.8,57.8,low,p3
lead_00296,83.4,74.2,84.4,high,p1
lead_00297,81.9,68.4,69.8,medium,p2
lead_00298,66.6,65.4,59.6,low,p3
lead_00299,57.7,41.5,51.4,low,p3
lead_00300,81.8,79.8,73.5,medium,p2
lead_00301,94.2,80.2,82.3,high,p1
lead_00302,56.6,59.4,59.3,low,p3
lead_00303,60.0,49.9,48.6,low,p4
lead_00304,70.3,65.7,62.6,medium,p3
lead_00305,55.2,100.0,77.0,medium,p1
lead_00306,30.2,87.1,51.2,low,p1
lead_00307,70.7,85.5,81.7,high,p2
lead_00308,72.0,67.3,56.5,low,p3
lead_00309,29.6,78.8,58.8,low,p3
lead_00310,56.6,60.1,52.6,low,p3
lead_00311,49.8,82.3,63.1,medium,p3
lead_00312,76.8,100.0,75.1,medium,p2
lead_00313,75.7,46.1,59.1,low,p3
lead_00314,73.1,94.2,79.1,medium,p2
lead_00315,52.9,58.0,47.2,low,p4
lead_00316,88.9,79.1,81.3,high,p2
lead_00317,65.0,54.5,65.9,medium,p3
lead_00318,80.3,83.5,79.5,medium,p2
lead_00319,76.9,55.5,62.9,medium,p3
lead_00320,74.7,78.2,70.7,medium,p2
lead_00321,62.4,66.3,60.2,medium,p3
lead_00322,82.1,76.7,71.4,medium,p2
lead_00323,65.4,60.0,54.6,low,p3
lead_00324,63.7,78.1,60.4,medium,p3
lead_00325,100.0,48.0,63.5,medium,p3
lead_00326,100.0,97.8,92.4,high,p1
lead_00327,71.3,65.3,65.2,medium,p3
lead_00328,58.8,25.3,40.2,low,p4
lead_00329,83.4,96.4,80.9,high,p1
lead_00330,44.6,68.0,53.4,low,p3
lead_00331,66.4,17.5,58.9,low,p3
lead_00332,92.9,66.4,71.6,medium,p2
lead_00333,79.8,66.9,69.6,medium,p2
lead_00334,74.4,63.0,67.2,medium,p3
lead_00335,90.2,80.2,82.4,high,p1
lead_00336,96.5,41.3,63.9,medium,p3
lead_00337,71.4,65.9,62.6,medium,p3
lead_00338,76.0,60.3,52.0,low,p3
lead_00339,62.1,66.0,61.5,medium,p3
lead_00340,87.8,82.5,79.8,medium,p2
lead_00341,60.3,62.1,56.8,low,p3
lead_00342,54.0,75.4,63.6,medium,p3
lead_00343,82.5,72.1,83.5,high,p1
lead_00344,75.4,60.0,68.5,medium,p2
lead_00345,48.5,25.0,30.9,low,p4
lead_00346,87.5,71.4,77.5,medium,p2
lead_00347,54.1,22.8,47.6,low,p4
lead_00348,77.1,66.3,65.3,medium,p3
lead_00349,83.6,73.9,68.0,medium,p2
lead_00350,84.3,62.4,65.5,medium,p3
lead_00351,66.9,64.9,56.6,low,p3
lead_00352,68.9,59.0,64.4,medium,p3
lead_00353,84.0,83.9,67.3,medium,p3
lead_00354,45.9,73.2,46.6,low,p4
lead_00355,85.2,49.0,67.0,medium,p3
lead_00356,88.5,71.9,63.1,medium,p3
lead_00357,77.9,90.8,97.1,high,p1
lead_00358,64.7,38.4,53.3,low,p3
lead_00359,88.3,54.6,74.1,medium,p2
lead_00360,59.2,85.7,54.7,low,p1
lead_00361,44.7,62.9,48.3,low,p4
lead_00362,61.8,65.0,62.4,medium,p3
lead_00363,56.8,64.1,60.1,medium,p3
lead_00364,61.2,82.5,60.1,medium,p3
lead_00365,100.0,94.0,88.1,high,p1
lead_00366,53.9,66.7,59.7,low,p3
lead_00367,73.3,38.9,58.4,low,p3
lead_00368,36.4,54.8,51.7,low,p3
lead_00369,38.2,34.2,35.2,low,p4
lead_00370,77.4,68.9,57.4,low,p3
lead_00371,56.4,75.8,55.9,low,p3
lead_00372,67.9,61.5,59.5,low,p3
lead_00373,93.4,75.6,88.0,high,p1
lead_00374,80.9,62.3,66.3,medium,p3
lead_00375,66.8,91.3,72.0,medium,p2
lead_00376,82.2,49.6,65.7,medium,p3
lead_00377,54.8,54.9,66.2,medium,p3
lead_00378,64.9,73.5,59.7,low,p3
lead_00379,58.6,61.2,50.7,low,p3
lead_00380,60.1,69.0,65.2,medium,p3
lead_00381,68.3,66.1,61.1,medium,p3
lead_00382,51.0,46.4,38.9,low,p4
lead_00383,56.2,74.3,58.8,low,p3
lead_00384,66.2,72.4,74.4,medium,p2
lead_00385,67.0,79.0,69.8,medium,p2
lead_00386,59.0,67.4,59.9,low,p3
lead_00387,88.1,69.5,85.9,high,p1
lead_00388,58.6,32.3,47.0,low,p4
lead_00389,82.5,70.6,74.3,medium,p2
lead_00390,50.4,39.0,53.1,low,p3
lead_00391,71.8,91.4,68.6,medium,p2
lead_00392,65.3,86.2,69.8,medium,p2
lead_00393,87.5,73.8,76.1,medium,p2
lead_00394,67.5,48.5,66.9,medium,p3
lead_00395,79.9,44.3,54.0,low,p3
lead_00396,66.1,85.1,69.5,medium,p2
lead_00397,87.0,73.1,74.2,medium,p2
lead_00398,100.0,69.5,91.7,high,p1
lead_00399,100.0,83.1,75.8,medium,p2
lead_00400,66.4,48.7,57.5,low,p3
lead_00401,53.1,78.6,66.6,medium,p3
lead_00402,82.4,51.1,57.1,low,p3
lead_00403,70.9,89.6,76.9,medium,p1
lead_00404,74.3,60.8,61.0,medium,p3
lead_00405,67.2,61.1,63.8,medium,p3
lead_00406,65.1,69.3,66.5,medium,p3
lead_00407,68.1,57.5,58.6,low,p3
lead_00408,79.7,64.6,70.6,medium,p2
lead_00409,70.7,84.4,80.3,high,p2
lead_00410,39.6,42.1,36.1,low,p4
lead_00411,59.1,58.7,54.2,low,p3
lead_00412,53.7,71.7,51.5,low,p3
lead_00413,100.0,65.4,84.2,high,p1
lead_00414,71.9,84.3,73.6,medium,p2
lead_00415,70.0,59.4,72.2,medium,p2
lead_00416,59.1,91.1,69.6,medium,p2
lead_00417,43.7,98.1,77.2,medium,p1
lead_00418,37.0,61.2,50.8,low,p3
lead_00419,77.2,100.0,91.4,high,p1
lead_00420,83.7,100.0,90.3,high,p1
lead_00421,53.1,53.1,60.6,medium,p3
lead_00422,54.9,50.6,48.5,low,p4
lead_00423,73.0,61.5,55.9,low,p3
lead_00424,74.3,55.7,73.2,medium,p2
lead_00425,62.3,85.8,73.7,medium,p1
lead_00426,84.4,68.3,73.1,medium,p2
lead_00427,81.3,100.0,82.6,high,p1
lead_00428,69.1,62.9,66.6,medium,p3
lead_00429,77.6,31.2,53.3,low,p3
lead_00430,80.0,44.2,65.7,medium,p3
lead_00431,68.6,54.6,63.8,medium,p3
lead_00432,75.5,65.6,72.9,medium,p2
lead_00433,60.8,33.4,43.5,low,p4
lead_00434,54.7,85.8,70.8,medium,p1
lead_00435,79.2,66.8,75.5,medium,p2
lead_00436,35.9,61.1,38.1,low,p4
lead_00437,53.0,92.1,73.7,medium,p1
lead_00438,89.3,70.7,69.3,medium,p2
lead_00439,79.6,90.0,83.9,high,p1
lead_00440,43.8,59.9,39.3,low,p4
lead_00441,82.3,66.5,64.7,medium,p3
lead_00442,69.5,73.1,68.6,medium,p2
lead_00443,98.7,76.4,76.7,medium,p2
lead_00444,65.3,57.9,64.2,medium,p3
lead_00445,74.9,85.8,68.1,medium,p1
lead_00446,66.9,57.0,53.4,low,p3
lead_00447,73.9,77.8,73.7,medium,p2
lead_00448,48.2,60.1,47.5,low,p4
lead_00449,60.7,64.5,56.8,low,p3
lead_00450,59.7,59.2,62.3,medium,p3
lead_00451,61.9,88.6,75.9,medium,p2
lead_00452,87.0,82.6,87.5,high,p1
lead_00453,63.9,85.7,78.4,medium,p1
lead_00454,77.6,49.1,65.1,medium,p3
lead_00455,67.1,91.2,66.2,medium,p1
lead_00456,47.2,30.4,38.6,low,p4
lead_00457,100.0,78.2,84.2,high,p1
lead_00458,84.7,67.9,76.7,medium,p2
lead_00459,73.5,49.8,59.4,low,p3
lead_00460,68.4,79.7,76.8,medium,p2
lead_00461,62.7,69.4,65.8,medium,p3
lead_00462,68.7,58.6,60.9,medium,p3
lead_00463,48.1,65.3,58.4,low,p3
lead_00464,58.1,72.8,57.3,low,p3
lead_00465,43.8,100.0,59.6,low,p1
lead_00466,50.1,68.9,56.3,low,p3
lead_00467,75.3,94.0,74.7,medium,p2
lead_00468,49.9,92.0,72.7,medium,p1
lead_00469,82.2,68.4,78.6,medium,p2
lead_00470,79.2,68.4,67.6,medium,p3
lead_00471,81.5,100.0,78.8,medium,p1
lead_00472,46.8,51.7,44.5,low,p4
lead_00473,79.8,91.3,85.4,high,p1
lead_00474,71.9,84.0,78.1,medium,p2
lead_00475,42.5,77.3,52.8,low,p3
lead_00476,51.8,69.1,54.5,low,p3
lead_00477,86.8,76.6,77.5,medium,p2
lead_00478,79.4,75.7,75.1,medium,p2
lead_00479,89.7,61.3,86.8,high,p1
lead_00480,42.8,65.0,48.7,low,p4
lead_00481,53.5,54.8,47.4,low,p4
lead_00482,74.6,41.3,60.5,medium,p3
lead_00483,80.1,72.1,75.9,medium,p2
lead_00484,68.8,59.2,53.0,low,p3
lead_00485,67.2,73.9,69.1,medium,p2
lead_00486,52.5,59.6,50.5,low,p3
lead_00487,41.5,59.1,50.8,low,p3
lead_00488,77.9,100.0,80.1,high,p1
lead_00489,58.7,67.4,60.0,low,p3
lead_00490,41.4,75.8,57.0,low,p3
lead_00491,28.3,60.9,36.9,low,p4
lead_00492,51.7,38.9,47.0,low,p4
lead_00493,92.7,69.8,64.0,medium,p3
lead_00494,62.0,59.5,50.3,low,p3
lead_00495,85.0,89.8,81.0,high,p1
lead_00496,35.0,26.8,27.6,low,p4
lead_00497,63.8,48.7,51.2,low,p3
lead_00498,66.0,71.3,64.4,medium,p3
lead_00499,79.4,53.2,57.5,low,p3
lead_00500,72.7,63.4,52.7,low,p3
lead_00501,50.4,82.9,65.7,medium,p3
lead_00502,65.4,65.4,71.8,medium,p2
lead_00503,53.2,47.6,54.7,low,p3
lead_00504,66.4,45.9,57.9,low,p3
lead_00505,59.9,42.9,43.6,low,p4
lead_00506,84.5,77.7,85.6,high,p1
lead_00507,61.9,52.5,64.5,medium,p3
lead_00508,71.8,65.6,55.1,low,p3
lead_00509,65.6,51.0,58.5,low,p3
lead_00510,50.9,91.9,56.0,low,p1
lead_00511,63.7,78.4,70.8,medium,p2
lead_00512,21.8,31.8,25.1,low,p4
lead_00513,85.0,92.0,79.8,medium,p2
lead_00514,55.6,47.9,51.5,low,p3
lead_00515,87.4,80.6,79.9,medium,p2
lead_00516,56.3,65.1,65.3,medium,p3
lead_00517,60.4,25.3,38.7,low,p4
lead_00518,67.1,46.2,57.5,low,p3
lead_00519,87.1,100.0,80.2,high,p2
lead_00520,68.2,80.4,72.7,medium,p2
lead_00521,53.9,45.8,48.7,low,p4
lead_00522,78.3,59.9,75.9,medium,p2
lead_00523,60.4,23.9,40.7,low,p4
lead_00524,77.7,85.2,79.0,medium,p2
lead_00525,78.9,42.9,57.0,low,p3
lead_00526,100.0,38.6,66.8,medium,p3
lead_00527,75.2,84.9,76.8,medium,p2
lead_00528,67.6,44.3,65.0,medium,p3
lead_00529,41.2,42.5,42.7,low,p4
lead_00530,59.1,61.7,60.9,medium,p3
lead_00531,100.0,81.8,82.8,high,p1
lead_00532,75.5,43.0,63.5,medium,p3
lead_00533,68.9,72.2,56.0,low,p3
lead_00534,26.5,36.0,40.1,low,p4
lead_00535,51.9,78.2,55.3,low,p3
lead_00536,54.6,62.2,64.6,medium,p3
lead_00537,88.2,80.9,89.4,high,p1
lead_00538,59.1,84.2,71.4,medium,p2
lead_00539,70.5,60.2,59.1,low,p3
lead_00540,53.8,43.5,42.7,low,p4
lead_00541,82.1,65.9,76.9,medium,p2
lead_00542,64.8,43.9,45.6,low,p4
lead_00543,73.8,56.0,58.8,low,p3
lead_00544,81.7,35.4,70.3,medium,p2
lead_00545,62.0,80.8,70.4,medium,p2
lead_00546,76.6,94.9,72.3,medium,p1
lead_00547,63.8,42.6,41.3,low,p4
lead_00548,56.7,91.7,69.3,medium,p2
lead_00549,98.8,100.0,100.0,high,p1
lead_00550,100.0,100.0,100.0,high,p1
lead_00551,69.2,63.3,63.5,medium,p3
lead_00552,79.1,83.5,75.5,medium,p2
lead_00553,38.7,69.5,45.4,low,p4
lead_00554,57.8,55.4,51.8,low,p3
lead_00555,86.5,76.0,83.7,high,p1
lead_00556,73.9,77.4,72.8,medium,p2
lead_00557,58.9,76.1,70.2,medium,p2
lead_00558,90.9,45.7,59.1,low,p3
lead_00559,72.5,98.9,81.0,high,p1
lead_00560,47.2,36.8,36.6,low,p4
lead_00561,69.5,90.8,80.5,high,p1
lead_00562,51.3,71.6,61.6,medium,p3
lead_00563,54.5,77.5,61.5,medium,p3
lead_00564,73.3,48.2,60.3,medium,p3
lead_00565,74.9,86.4,70.8,medium,p2
lead_00566,60.4,61.2,59.0,low,p3
lead_00567,69.4,75.9,60.2,medium,p3
lead_00568,63.6,49.6,57.0,low,p3
lead_00569,89.9,32.8,58.4,low,p3
lead_00570,40.2,65.8,55.2,low,p3
lead_00571,68.4,55.9,68.1,medium,p2
lead_00572,70.6,72.8,72.6,medium,p2
lead_00573,27.7,63.6,35.3,low,p4
lead_00574,68.4,100.0,76.5,medium,p1
lead_00575,84.5,37.7,51.7,low,p3
lead_00576,81.7,72.9,74.2,medium,p2
lead_00577,56.4,60.4,53.9,low,p3
lead_00578,60.5,74.5,72.3,medium,p2
lead_00579,65.2,57.9,55.0,low,p3
lead_00580,86.6,70.4,63.4,medium,p3
lead_00581,38.8,43.1,42.9,low,p4
lead_00582,57.5,72.3,59.6,low,p3
lead_00583,77.6,76.9,73.2,medium,p2
lead_00584,82.0,28.3,53.1,low,p3
lead_00585,69.9,75.8,59.3,low,p3
lead_00586,62.4,65.2,64.7,medium,p3
lead_00587,93.6,83.7,86.1,high,p1
lead_00588,67.4,59.4,60.3,medium,p3
lead_00589,79.1,64.2,69.6,medium,p2
lead_00590,84.5,91.8,89.3,high,p1
lead_00591,100.0,82.7,85.5,high,p1
lead_00592,84.2,78.4,82.9,high,p1
lead_00593,86.9,27.7,64.9,medium,p3
lead_00594,100.0,84.2,91.3,high,p1
lead_00595,76.6,74.1,76.6,medium,p2
lead_00596,88.9,87.0,88.0,high,p1
lead_00597,78.6,72.2,65.6,medium,p3
lead_00598,88.7,100.0,90.9,high,p1
lead_00599,89.0,48.5,65.2,medium,p3
lead_00600,59.0,89.8,79.8,medium,p1
lead_00601,69.6,100.0,89.2,high,p1
lead_00602,57.5,65.3,60.3,medium,p3
lead_00603,65.2,72.0,80.0,high,p2
lead_00604,70.0,85.4,78.1,medium,p1
lead_00605,55.7,67.0,67.9,medium,p3
lead_00606,73.8,70.8,78.4,medium,p2
lead_00607,72.9,51.2,72.9,medium,p2
lead_00608,67.9,74.1,62.8,medium,p3
lead_00609,63.4,43.3,52.0,low,p3
lead_00610,61.9,63.2,58.0,low,p3
lead_00611,25.9,42.1,38.1,low,p4
lead_00612,81.9,50.7,70.6,medium,p2
lead_00613,45.7,76.0,54.9,low,p3
lead_00614,72.4,68.4,83.8,high,p1
lead_00615,69.4,78.1,74.7,medium,p2
lead_00616,44.5,34.3,33.8,low,p4
lead_00617,90.6,67.8,74.7,medium,p2
lead_00618,70.8,48.5,58.2,low,p3
lead_00619,36.8,68.8,52.0,low,p3
lead_00620,77.1,37.4,52.9,low,p3
lead_00621,40.1,58.6,55.7,low,p3
lead_00622,53.5,38.4,39.1,low,p4
lead_00623,35.4,39.7,40.4,low,p4
lead_00624,37.8,68.6,48.9,low,p4
lead_00625,58.6,62.1,50.4,low,p3
lead_00626,69.8,50.4,52.9,low,p3
lead_00627,63.9,91.4,77.7,medium,p1
lead_00628,29.3,62.6,32.6,low,p4
lead_00629,53.2,61.1,52.2,low,p3
lead_00630,65.0,76.0,62.8,medium,p3
lead_00631,59.7,78.4,55.4,low,p3
lead_00632,73.3,98.3,71.9,medium,p1
lead_00633,61.2,47.3,64.7,medium,p3
lead_00634,63.5,70.4,56.2,low,p3
lead_00635,66.1,62.9,58.1,low,p3
lead_00636,93.8,78.9,85.3,high,p1
lead_00637,53.4,67.4,54.7,low,p3
lead_00638,86.4,60.1,69.1,medium,p2
lead_00639,51.6,53.7,51.9,low,p3
lead_00640,77.5,45.7,59.3,low,p3
lead_00641,60.6,69.5,52.1,low,p3
lead_00642,45.1,38.4,41.2,low,p4
lead_00643,58.4,70.1,53.1,low,p3
lead_00644,60.4,37.8,53.0,low,p3
lead_00645,74.7,67.7,66.6,medium,p3
lead_00646,29.5,54.8,35.8,low,p4
lead_00647,69.5,69.2,68.8,medium,p2
lead_00648,83.7,47.8,60.0,low,p3
lead_00649,72.5,66.0,63.3,medium,p3
lead_00650,100.0,80.4,85.8,high,p1
lead_00651,67.4,93.9,78.5,medium,p1
lead_00652,68.3,77.2,71.5,medium,p2
lead_00653,75.7,80.9,76.2,medium,p2
lead_00654,65.8,49.8,67.8,medium,p3
lead_00655,48.7,63.6,45.5,low,p4
lead_00656,56.6,52.7,51.3,low,p3
lead_00657,72.8,47.8,57.8,low,p3
lead_00658,77.5,39.4,49.1,low,p4
lead_00659,70.1,64.4,63.7,medium,p3
lead_00660,80.3,43.7,56.5,low,p3
lead_00661,59.0,58.7,63.5,medium,p3
lead_00662,44.2,43.5,34.9,low,p4
lead_00663,87.6,53.9,65.0,medium,p3
lead_00664,35.4,58.3,48.1,low,p4
lead_00665,61.5,61.1,49.4,low,p4
lead_00666,61.4,60.6,54.5,low,p3
lead_00667,86.2,85.9,78.0,medium,p1
lead_00668,90.2,72.0,83.8,high,p1
lead_00669,100.0,54.3,78.1,medium,p2
lead_00670,76.3,45.5,55.2,low,p3
lead_00671,49.8,60.6,49.6,low,p4
lead_00672,63.2,73.1,52.8,low,p3
lead_00673,44.4,75.1,58.8,low,p3
lead_00674,43.2,73.1,61.9,medium,p3
lead_00675,65.3,39.9,54.6,low,p3
lead_00676,95.1,63.0,74.4,medium,p2
lead_00677,92.3,72.1,68.6,medium,p2
lead_00678,74.2,47.4,51.6,low,p3
lead_00679,46.8,100.0,65.1,medium,p3
lead_00680,81.7,80.4,77.5,medium,p2
lead_00681,84.2,80.9,78.2,medium,p2
lead_00682,55.4,42.7,45.9,low,p4
lead_00683,56.2,70.7,65.4,medium,p3
lead_00684,70.8,43.4,42.6,low,p4
lead_00685,69.2,49.8,53.0,low,p3
lead_00686,61.4,64.5,71.6,medium,p2
lead_00687,83.8,100.0,92.5,high,p1
lead_00688,83.2,58.5,60.5,medium,p3
lead_00689,59.7,57.8,52.0,low,p3
lead_00690,44.0,70.5,45.2,low,p4
lead_00691,46.5,44.8,43.5,low,p4
lead_00692,52.1,53.9,52.5,low,p3
lead_00693,76.0,53.1,55.1,low,p3
lead_00694,71.9,85.8,79.4,medium,p2
lead_00695,72.9,86.6,84.5,high,p1
lead_00696,51.2,89.8,62.8,medium,p1
lead_00697,72.3,75.8,57.4,low,p3
lead_00698,44.5,41.0,31.3,low,p4
lead_00699,83.3,100.0,84.5,high,p1
lead_00700,92.0,100.0,90.1,high,p1
lead_00701,79.6,69.6,73.6,medium,p2
lead_00702,78.2,66.3,71.2,medium,p2
lead_00703,65.3,29.3,53.0,low,p3
lead_00704,59.0,81.1,74.1,medium,p2
lead_00705,50.0,47.1,59.2,low,p3
lead_00706,56.9,41.0,49.8,low,p4
lead_00707,47.2,28.4,40.3,low,p4
lead_00708,53.2,63.8,49.7,low,p4
lead_00709,67.9,66.3,49.3,low,p4
lead_00710,85.3,68.8,84.7,high,p1
lead_00711,63.5,76.6,60.9,medium,p3
lead_00712,68.9,73.5,65.6,medium,p3
lead_00713,84.7,55.2,61.4,medium,p3
lead_00714,56.4,82.4,63.1,medium,p3
lead_00715,54.9,82.1,57.5,low,p3
lead_00716,36.7,49.6,42.1,low,p4
lead_00717,67.5,50.9,64.9,medium,p3
lead_00718,60.3,70.0,63.1,medium,p3
lead_00719,49.8,70.5,60.9,medium,p3
lead_00720,74.0,76.0,74.0,medium,p2
lead_00721,33.7,62.7,38.4,low,p4
lead_00722,98.0,94.3,85.3,high,p1
lead_00723,65.4,62.5,66.9,medium,p3
lead_00724,53.5,30.2,45.4,low,p4
lead_00725,22.6,65.9,44.2,low,p4
lead_00726,88.3,67.8,75.8,medium,p2
lead_00727,80.1,57.8,72.1,medium,p2
lead_00728,61.8,52.1,55.5,low,p3
lead_00729,78.0,88.0,76.2,medium,p1
lead_00730,61.2,51.8,47.9,low,p4
lead_00731,60.4,46.9,56.9,low,p3
lead_00732,74.3,44.2,57.9,low,p3
lead_00733,57.2,36.1,42.3,low,p4
lead_00734,65.3,67.4,63.0,medium,p3
lead_00735,70.7,45.3,54.5,low,p3
lead_00736,100.0,39.2,65.4,medium,p3
lead_00737,53.0,61.5,51.0,low,p3
lead_00738,66.4,67.6,54.4,low,p3
lead_00739,57.8,58.0,59.5,low,p3
lead_00740,92.1,75.7,73.8,medium,p2
lead_00741,56.7,66.3,52.7,low,p3
lead_00742,64.6,22.1,47.6,low,p4
lead_00743,73.3,72.0,76.3,medium,p2
lead_00744,40.3,67.9,56.3,low,p3
lead_00745,73.4,49.9,68.9,medium,p2
lead_00746,55.0,53.5,49.8,low,p4
lead_00747,62.6,43.6,51.2,low,p3
lead_00748,49.6,75.1,59.6,low,p3
lead_00749,80.8,59.2,62.9,medium,p3
lead_00750,37.4,100.0,67.2,medium,p1
lead_00751,58.3,95.5,78.0,medium,p1
lead_00752,39.1,49.4,42.4,low,p4
lead_00753,62.0,68.3,69.0,medium,p2
lead_00754,38.8,68.3,54.8,low,p3
lead_00755,85.6,72.6,72.2,medium,p2
lead_00756,77.6,36.8,56.4,low,p3
lead_00757,58.4,83.3,60.4,medium,p3
lead_00758,59.0,35.6,48.1,low,p4
lead_00759,52.1,47.5,43.5,low,p4
lead_00760,65.5,43.1,46.3,low,p4
lead_00761,89.5,67.0,82.8,high,p1
lead_00762,53.0,63.0,55.8,low,p3
lead_00763,77.4,86.5,83.2,high,p1
lead_00764,59.2,47.2,56.3,low,p3
lead_00765,90.3,99.9,89.1,high,p1
lead_00766,76.2,71.4,71.2,medium,p2
lead_00767,60.7,64.8,53.0,low,p3
lead_00768,61.4,66.4,51.3,low,p3
lead_00769,82.0,73.3,77.7,medium,p2
lead_00770,75.7,86.8,83.8,high,p1
lead_00771,60.4,53.2,59.7,low,p3
lead_00772,77.3,91.0,80.9,high,p2
lead_00773,49.0,76.6,65.1,medium,p3
lead_00774,85.5,90.7,88.6,high,p1
lead_00775,49.8,44.5,47.9,low,p4
lead_00776,59.9,100.0,63.1,medium,p1
lead_00777,78.9,84.8,75.1,medium,p2
lead_00778,53.0,20.9,34.7,low,p4
lead_00779,69.8,90.0,73.1,medium,p1
lead_00780,64.3,39.7,54.8,low,p3
lead_00781,26.7,100.0,58.2,low,p3
lead_00782,26.9,45.1,29.5,low,p4
lead_00783,70.8,67.4,62.6,medium,p3
lead_00784,46.6,42.1,45.9,low,p4
lead_00785,74.8,58.4,63.9,medium,p3
lead_00786,50.2,59.3,54.9,low,p3
lead_00787,64.9,72.1,64.2,medium,p3
lead_00788,56.2,100.0,71.9,medium,p1
lead_00789,94.5,86.6,96.9,high,p1
lead_00790,82.5,62.1,63.6,medium,p3
lead_00791,48.2,72.6,59.3,low,p3
lead_00792,49.8,78.0,60.9,medium,p3
lead_00793,77.7,40.4,63.7,medium,p3
lead_00794,65.0,84.6,75.1,medium,p2
lead_00795,56.8,60.0,65.8,medium,p3
lead_00796,75.9,87.5,73.8,medium,p2
lead_00797,31.9,40.9,37.1,low,p4
lead_00798,67.8,70.4,72.2,medium,p2
lead_00799,82.5,56.0,71.8,medium,p2
lead_00800,73.4,68.6,73.2,medium,p2
lead_00801,72.1,68.1,65.5,medium,p3
lead_00802,90.8,100.0,89.9,high,p1
lead_00803,77.8,44.2,71.7,medium,p2
lead_00804,72.5,76.5,56.8,low,p3
lead_00805,58.6,60.7,60.9,medium,p3
lead_00806,61.7,60.8,63.1,medium,p3
lead_00807,47.2,52.7,48.5,low,p4
lead_00808,98.7,88.6,94.6,high,p1
lead_00809,66.9,84.9,60.3,medium,p3
lead_00810,100.0,100.0,96.4,high,p1
lead_00811,69.7,62.3,62.5,medium,p3
lead_00812,59.4,64.1,61.8,medium,p3
lead_00813,76.9,100.0,81.6,high,p2
lead_00814,47.2,94.6,58.6,low,p1
lead_00815,69.2,74.9,73.0,medium,p2
lead_00816,37.8,49.6,30.6,low,p4
lead_00817,74.7,79.3,63.0,medium,p3
lead_00818,71.9,79.8,68.1,medium,p2
lead_00819,30.2,43.7,31.0,low,p4
lead_00820,79.6,60.9,60.3,medium,p3
lead_00821,73.1,55.7,64.2,medium,p3
lead_00822,52.3,43.0,48.5,low,p4
lead_00823,82.5,100.0,77.6,medium,p2
lead_00824,62.6,88.3,77.9,medium,p2
lead_00825,35.7,59.6,40.9,low,p4
lead_00826,53.1,49.9,45.9,low,p4
lead_00827,66.8,76.1,67.5,medium,p3
lead_00828,71.3,63.5,60.2,medium,p3
lead_00829,63.4,70.5,70.4,medium,p2
lead_00830,74.9,53.3,65.3,medium,p3
lead_00831,64.7,85.2,65.3,medium,p3
lead_00832,56.7,71.6,57.1,low,p3
lead_00833,59.7,80.6,58.2,low,p3
lead_00834,96.8,54.0,77.6,medium,p2
lead_00835,64.5,62.9,58.1,low,p3
lead_00836,70.0,56.7,57.4,low,p3
lead_00837,83.4,63.5,65.8,medium,p3
lead_00838,37.1,96.6,56.9,low,p1
lead_00839,94.9,65.2,78.5,medium,p2
lead_00840,68.4,97.9,65.7,medium,p3
lead_00841,61.0,58.2,56.1,low,p3
lead_00842,60.1,58.2,56.8,low,p3
lead_00843,76.7,46.4,61.8,medium,p3
lead_00844,68.0,53.2,69.9,medium,p2
lead_00845,95.7,85.2,90.9,high,p1
lead_00846,58.4,83.5,76.3,medium,p2
lead_00847,91.3,63.7,74.9,medium,p2
lead_00848,85.0,85.1,83.6,high,p1
lead_00849,50.1,91.5,57.4,low,p1
lead_00850,66.8,50.1,50.8,low,p3
lead_00851,75.5,86.1,74.7,medium,p1
lead_00852,74.9,64.8,60.6,medium,p3
lead_00853,89.1,87.7,85.7,high,p1
lead_00854,46.0,59.0,46.3,low,p4
lead_00855,69.4,70.6,63.5,medium,p3
lead_00856,37.6,100.0,64.0,medium,p3
lead_00857,64.4,55.4,46.8,low,p4
lead_00858,66.8,59.2,63.2,medium,p3
lead_00859,80.7,78.8,80.0,high,p2
lead_00860,83.3,70.0,78.0,medium,p2
lead_00861,86.9,39.8,62.6,medium,p3
lead_00862,53.9,62.2,50.3,low,p3
lead_00863,76.5,82.7,84.5,high,p1
lead_00864,100.0,43.8,63.1,medium,p3
lead_00865,100.0,92.2,89.8,high,p1
lead_00866,68.4,64.0,50.8,low,p3
lead_00867,69.2,72.0,62.6,medium,p3
lead_00868,71.8,100.0,80.8,high,p2
lead_00869,80.9,74.4,79.3,medium,p2
lead_00870,51.3,85.4,66.1,medium,p3
lead_00871,40.0,61.1,46.9,low,p4
lead_00872,54.9,72.2,62.2,medium,p3
lead_00873,84.2,76.1,77.6,medium,p2
lead_00874,27.9,77.0,52.6,low,p3
lead_00875,44.2,68.1,55.3,low,p3
lead_00876,74.4,72.2,70.7,medium,p2
lead_00877,81.3,59.5,70.2,medium,p2
lead_00878,62.3,99.0,65.8,medium,p3
lead_00879,91.4,74.3,86.0,high,p1
lead_00880,47.1,64.6,51.2,low,p3
lead_00881,74.1,46.1,63.7,medium,p3
lead_00882,32.2,51.0,29.9,low,p4
lead_00883,77.6,65.2,70.6,medium,p2
lead_00884,88.6,59.3,73.8,medium,p2
lead_00885,58.9,61.4,65.6,medium,p3
lead_00886,97.1,57.2,78.5,medium,p2
lead_00887,70.5,64.0,66.3,medium,p3
lead_00888,63.3,5.0,44.9,low,p4
lead_00889,48.3,58.7,49.2,low,p4
lead_00890,57.0,69.3,59.4,low,p3
lead_00891,48.0,65.7,52.4,low,p3
lead_00892,90.0,45.9,63.1,medium,p3
lead_00893,68.2,51.5,51.5,low,p3
lead_00894,49.7,61.2,53.0,low,p3
lead_00895,65.1,46.5,58.5,low,p3
lead_00896,86.6,30.6,48.3,low,p4
lead_00897,72.0,91.3,63.8,medium,p3
lead_00898,82.4,100.0,81.7,high,p1
lead_00899,88.1,54.8,68.7,medium,p2
lead_00900,57.9,83.0,72.5,medium,p2
lead_00901,82.1,88.9,78.6,medium,p2
lead_00902,100.0,87.3,88.6,high,p1
lead_00903,44.0,35.5,29.6,low,p4
lead_00904,66.9,98.8,80.3,high,p1
lead_00905,57.4,55.6,52.8,low,p3
lead_00906,77.2,42.2,60.2,medium,p3
lead_00907,62.2,47.7,61.8,medium,p3
lead_00908,75.9,56.1,69.2,medium,p2
lead_00909,58.8,70.4,51.1,low,p3
lead_00910,77.4,97.1,73.6,medium,p1
lead_00911,76.0,64.9,82.5,high,p1
lead_00912,97.4,79.1,76.0,medium,p2
lead_00913,44.2,76.4,48.6,low,p4
lead_00914,49.4,65.2,54.8,low,p3
lead_00915,73.3,57.1,66.7,medium,p3
lead_00916,45.9,74.3,55.1,low,p3
lead_00917,66.4,84.3,66.7,medium,p3
lead_00918,58.7,34.6,31.8,low,p4
lead_00919,65.5,63.1,56.0,low,p3
lead_00920,53.8,85.4,69.0,medium,p2
lead_00921,62.3,66.0,62.4,medium,p3
lead_00922,62.2,64.4,60.1,medium,p3
lead_00923,92.3,91.3,84.1,high,p1
lead_00924,64.4,62.9,54.4,low,p3
lead_00925,75.8,51.2,68.6,medium,p2
lead_00926,92.7,71.6,73.5,medium,p2
lead_00927,85.8,100.0,80.4,high,p1
lead_00928,63.9,56.9,52.3,low,p3
lead_00929,73.4,52.4,58.7,low,p3
lead_00930,66.6,38.2,40.7,low,p4
lead_00931,70.9,49.7,70.0,medium,p2
lead_00932,100.0,64.9,94.4,high,p1
lead_00933,93.1,62.4,58.5,low,p3
lead_00934,77.6,65.6,70.4,medium,p2
lead_00935,54.8,42.4,45.4,low,p4
lead_00936,67.9,56.6,57.7,low,p3
lead_00937,36.7,64.6,40.8,low,p4
lead_00938,92.9,60.8,74.8,medium,p2
lead_00939,100.0,64.5,77.7,medium,p2
lead_00940,66.2,30.9,54.3,low,p3
lead_00941,84.9,88.4,60.8,medium,p3
lead_00942,54.4,40.1,54.4,low,p3
lead_00943,72.7,70.0,62.2,medium,p3
lead_00944,78.9,58.3,77.1,medium,p2
lead_00945,83.7,83.1,76.1,medium,p2
lead_00946,87.7,76.0,85.8,high,p1
lead_00947,60.5,62.2,59.8,low,p3
lead_00948,78.2,81.3,74.0,medium,p2
lead_00949,54.0,88.6,59.2,low,p1
lead_00950,58.5,60.9,48.5,low,p4
lead_00951,85.2,100.0,83.4,high,p1
lead_00952,90.7,100.0,93.0,high,p1
lead_00953,49.0,67.3,57.5,low,p3
lead_00954,86.1,79.9,60.5,medium,p3
lead_00955,65.0,68.7,61.1,medium,p3
lead_00956,16.2,51.9,32.5,low,p4
lead_00957,50.6,45.1,45.9,low,p4
lead_00958,70.8,49.6,67.5,medium,p3
lead_00959,71.8,63.3,58.4,low,p3
lead_00960,55.0,83.0,57.6,low,p3
lead_00961,74.3,59.7,75.4,medium,p2
lead_00962,73.5,52.4,63.5,medium,p3
lead_00963,78.8,57.9,57.2,low,p3
lead_00964,65.5,64.1,51.2,low,p3
lead_00965,61.6,51.5,43.8,low,p4
lead_00966,63.1,88.1,79.1,medium,p1
lead_00967,71.3,67.8,69.0,medium,p2
lead_00968,59.4,43.1,44.0,low,p4
lead_00969,71.5,99.2,86.9,high,p1
lead_00970,55.9,80.0,61.5,medium,p3
lead_00971,63.8,48.4,63.7,medium,p3
lead_00972,65.7,61.9,62.2,medium,p3
lead_00973,53.6,67.0,64.5,medium,p3
lead_00974,78.6,42.3,48.3,low,p4
lead_00975,71.9,99.0,82.1,high,p1
lead_00976,80.5,54.5,60.1,medium,p3
lead_00977,27.3,60.4,28.8,low,p4
lead_00978,89.7,100.0,89.3,high,p1
lead_00979,55.8,76.8,76.1,medium,p2
lead_00980,86.7,95.3,82.6,high,p1
lead_00981,55.8,63.7,44.3,low,p4
lead_00982,89.7,65.5,78.2,medium,p2
lead_00983,51.5,35.2,51.4,low,p3
lead_00984,42.3,69.3,54.8,low,p3
lead_00985,59.0,48.9,51.5,low,p3
lead_00986,57.7,93.6,73.5,medium,p1
lead_00987,57.7,52.8,65.2,medium,p3
lead_00988,61.8,46.2,51.7,low,p3
lead_00989,62.4,77.8,68.6,medium,p2
lead_00990,68.4,74.0,70.7,medium,p2
lead_00991,100.0,74.6,81.0,high,p2
lead_00992,79.8,22.9,54.0,low,p3
lead_00993,92.3,80.8,84.6,high,p1
lead_00994,89.1,93.9,95.9,high,p1
lead_00995,64.3,57.3,44.1,low,p4
lead_00996,93.7,83.3,84.1,high,p1
lead_00997,48.4,80.4,59.9,low,p3
lead_00998,57.5,62.0,58.5,low,p3
lead_00999,51.9,75.1,57.2,low,p3
lead_01000,70.4,89.9,68.7,medium,p1
lead_01001,70.4,64.8,55.1,low,p3
lead_01002,77.1,68.6,72.0,medium,p2
lead_01003,72.1,90.0,76.0,medium,p1
lead_01004,66.6,69.7,61.2,medium,p3
lead_01005,35.8,66.9,55.9,low,p3
lead_01006,74.2,38.8,60.4,medium,p3
lead_01007,53.7,25.3,46.1,low,p4
lead_01008,54.8,97.1,76.9,medium,p2
lead_01009,62.8,66.3,74.6,medium,p2
lead_01010,72.0,67.3,83.4,high,p1
lead_01011,69.6,75.5,62.3,medium,p3
lead_01012,34.6,57.8,43.2,low,p4
lead_01013,62.6,37.4,51.4,low,p3
lead_01014,46.4,74.0,61.5,medium,p3
lead_01015,62.5,47.7,62.4,medium,p3
lead_01016,78.2,60.7,73.6,medium,p2
lead_01017,59.2,51.8,48.5,low,p4
lead_01018,64.5,71.9,70.0,medium,p2
lead_01019,68.3,86.8,69.4,medium,p2
lead_01020,55.1,34.5,41.7,low,p4
lead_01021,48.2,94.2,69.8,medium,p1
lead_01022,75.7,100.0,76.2,medium,p1
lead_01023,56.1,99.0,70.1,medium,p1
lead_01024,92.3,77.1,85.9,high,p1
lead_01025,86.7,65.0,68.2,medium,p2
lead_01026,56.4,45.2,48.8,low,p4
lead_01027,76.9,100.0,87.3,high,p1
lead_01028,100.0,26.1,55.7,low,p3
lead_01029,75.0,100.0,82.2,high,p1
lead_01030,37.5,58.6,36.8,low,p4
lead_01031,46.5,94.0,60.5,medium,p1
lead_01032,68.4,56.3,57.3,low,p3
lead_01033,65.2,64.4,65.8,medium,p3
lead_01034,85.9,75.1,69.2,medium,p2
lead_01035,71.8,71.6,65.3,medium,p3
lead_01036,60.5,73.3,66.3,medium,p3
lead_01037,77.7,63.5,80.0,medium,p2
lead_01038,53.0,84.4,66.6,medium,p3
lead_01039,67.0,50.2,62.5,medium,p3
lead_01040,56.5,41.6,38.5,low,p4
lead_01041,67.7,29.3,58.8,low,p3
lead_01042,85.7,100.0,98.2,high,p1
lead_01043,61.1,42.4,35.6,low,p4
lead_01044,52.3,94.8,62.1,medium,p3
lead_01045,77.1,64.0,70.8,medium,p2
lead_01046,76.0,35.3,47.2,low,p4
lead_01047,78.8,76.2,72.4,medium,p2
lead_01048,100.0,45.4,76.3,medium,p2
lead_01049,57.0,73.9,47.8,low,p4
lead_01050,73.4,83.3,73.9,medium,p2
lead_01051,88.6,100.0,80.1,high,p1
lead_01052,69.5,45.1,54.0,low,p3
lead_01053,67.2,48.0,58.8,low,p3
lead_01054,60.9,54.5,59.6,low,p3
lead_01055,56.3,49.0,56.1,low,p3
lead_01056,69.5,38.8,56.9,low,p3
lead_01057,52.3,37.7,28.0,low,p4
lead_01058,92.6,58.5,64.8,medium,p3
lead_01059,75.0,72.5,64.5,medium,p3
lead_01060,70.8,100.0,86.9,high,p1
lead_01061,96.7,79.7,81.7,high,p2
lead_01062,67.2,72.9,57.2,low,p3
lead_01063,57.2,39.3,46.0,low,p4
lead_01064,59.2,51.3,56.2,low,p3
lead_01065,62.4,57.6,64.1,medium,p3
lead_01066,71.0,48.7,57.9,low,p3
lead_01067,60.1,75.4,64.8,medium,p3
lead_01068,84.8,75.7,78.5,medium,p2
lead_01069,42.9,70.0,54.7,low,p3
lead_01070,80.6,66.0,73.7,medium,p2
lead_01071,61.6,66.2,61.2,medium,p3
lead_01072,53.3,73.8,62.4,medium,p3
lead_01073,32.4,55.9,30.1,low,p4
lead_01074,99.6,82.8,88.4,high,p1
lead_01075,61.2,73.9,69.7,medium,p2
lead_01076,46.1,88.6,70.4,medium,p2
lead_01077,57.1,60.9,37.0,low,p4
lead_01078,40.6,72.3,60.1,medium,p3
lead_01079,78.2,63.6,78.3,medium,p2
lead_01080,94.1,66.9,89.0,high,p1
lead_01081,42.7,36.5,36.9,low,p4
lead_01082,55.4,51.4,57.0,low,p3
lead_01083,79.5,73.9,73.4,medium,p2
lead_01084,25.6,35.7,28.3,low,p4
lead_01085,46.2,58.8,56.4,low,p3
lead_01086,57.0,39.2,40.1,low,p4
lead_01087,89.9,85.6,84.7,high,p1
lead_01088,46.1,70.5,58.3,low,p3
lead_01089,66.4,47.7,50.8,low,p3
lead_01090,59.0,44.4,57.3,low,p3
lead_01091,70.4,57.9,63.7,medium,p3
lead_01092,63.5,100.0,81.8,high,p2
lead_01093,82.7,79.7,73.9,medium,p2
lead_01094,85.4,69.7,67.3,medium,p3
lead_01095,72.4,73.1,56.2,low,p3
lead_01096,67.1,80.5,57.6,low,p3
lead_01097,33.3,58.1,46.4,low,p4
lead_01098,65.5,91.5,72.3,medium,p1
lead_01099,60.8,34.5,45.1,low,p4
lead_01100,77.9,78.5,75.1,medium,p2
lead_01101,73.7,81.0,71.2,medium,p2
lead_01102,77.1,49.9,61.9,medium,p3
lead_01103,59.3,72.3,56.7,low,p3
lead_01104,72.5,36.5,59.5,low,p3
lead_01105,88.5,95.4,90.4,high,p1
lead_01106,91.8,86.6,86.8,high,p1
lead_01107,75.5,46.2,59.1,low,p3
lead_01108,59.0,57.0,46.9,low,p4
lead_01109,59.7,74.1,72.6,medium,p2
lead_01110,71.1,100.0,75.7,medium,p1
lead_01111,74.2,88.2,81.8,high,p2
lead_01112,67.2,82.3,74.3,medium,p2
lead_01113,81.3,86.1,72.7,medium,p2
lead_01114,62.5,35.1,54.6,low,p3
lead_01115,61.1,87.3,67.4,medium,p1
lead_01116,42.0,100.0,66.7,medium,p1
lead_01117,44.0,83.6,72.5,medium,p2
lead_01118,63.2,56.2,57.5,low,p3
lead_01119,64.4,61.6,71.9,medium,p2
lead_01120,78.1,58.9,63.1,medium,p3
lead_01121,83.0,29.4,57.1,low,p3
lead_01122,92.5,99.6,91.6,high,p1
lead_01123,86.4,88.5,79.6,medium,p1
lead_01124,80.9,97.2,75.6,medium,p2
lead_01125,66.1,69.5,62.3,medium,p3
lead_01126,66.2,62.2,63.8,medium,p3
lead_01127,73.7,71.6,67.4,medium,p3
lead_01128,68.2,65.5,65.7,medium,p3
lead_01129,48.1,80.0,60.5,medium,p3
lead_01130,82.0,46.5,56.5,low,p3
lead_01131,92.9,72.3,79.4,medium,p2
lead_01132,80.8,90.9,72.4,medium,p1
lead_01133,99.4,66.6,91.4,high,p1
lead_01134,39.3,68.7,50.7,low,p3
lead_01135,38.3,69.8,39.6,low,p4
lead_01136,61.9,77.9,62.4,medium,p3
lead_01137,45.3,77.4,56.2,low,p3
lead_01138,52.3,85.9,55.7,low,p1
lead_01139,51.6,78.6,52.8,low,p3
lead_01140,90.9,54.1,74.6,medium,p2
lead_01141,70.2,60.3,58.5,low,p3
lead_01142,65.4,70.8,56.9,low,p3
lead_01143,49.2,84.7,58.2,low,p3
lead_01144,85.0,70.4,75.5,medium,p2
lead_01145,88.0,63.5,70.3,medium,p2
lead_01146,54.2,53.9,49.8,low,p4
lead_01147,51.0,92.9,72.1,medium,p2
lead_01148,72.2,87.7,67.8,medium,p1
lead_01149,87.3,88.3,94.4,high,p1
lead_01150,80.2,65.9,76.5,medium,p2
lead_01151,49.2,55.9,49.2,low,p4
lead_01152,87.2,49.6,59.7,low,p3
lead_01153,74.3,91.9,74.1,medium,p1
lead_01154,86.4,94.6,93.2,high,p1
lead_01155,70.9,56.4,72.1,medium,p2
lead_01156,66.2,74.9,79.1,medium,p2
lead_01157,77.7,40.1,49.7,low,p4
lead_01158,53.8,75.8,62.9,medium,p3
lead_01159,88.9,70.8,73.3,medium,p2
lead_01160,52.1,86.2,65.2,medium,p1
lead_01161,58.9,74.4,58.2,low,p3
lead_01162,52.0,63.1,47.5,low,p4
lead_01163,64.2,65.6,58.0,low,p3
lead_01164,43.9,54.3,40.2,low,p4
lead_01165,85.2,73.6,84.8,high,p1
lead_01166,94.4,77.2,83.5,high,p1
lead_01167,68.4,71.4,65.0,medium,p3
lead_01168,79.6,55.6,70.1,medium,p2
lead_01169,79.6,100.0,88.6,high,p1
lead_01170,57.2,80.4,48.8,low,p4
lead_01171,100.0,45.9,75.8,medium,p2
lead_01172,77.0,99.2,81.9,high,p2
lead_01173,38.0,59.1,45.0,low,p4
lead_01174,37.3,58.8,38.9,low,p4
lead_01175,67.1,58.6,72.3,medium,p2
lead_01176,62.4,65.7,60.7,medium,p3
lead_01177,43.3,54.3,51.4,low,p3
lead_01178,88.4,68.7,64.3,medium,p3
lead_01179,67.0,70.6,69.8,medium,p2
lead_01180,62.2,27.7,48.7,low,p4
lead_01181,65.9,83.1,69.7,medium,p2
lead_01182,65.4,65.5,57.9,low,p3
lead_01183,49.0,61.2,45.3,low,p4
lead_01184,62.8,92.9,78.5,medium,p1
lead_01185,62.3,90.9,66.7,medium,p1
lead_01186,100.0,56.7,87.0,high,p1
lead_01187,86.0,31.4,66.7,medium,p3
lead_01188,54.0,52.8,54.4,low,p3
lead_01189,51.9,67.0,52.3,low,p3
lead_01190,68.5,82.0,73.6,medium,p2
lead_01191,72.0,79.7,64.9,medium,p3
lead_01192,46.3,55.3,54.0,low,p3
lead_01193,73.7,74.6,69.7,medium,p2
lead_01194,55.0,84.8,59.6,low,p3
lead_01195,63.9,61.0,61.8,medium,p3
lead_01196,49.5,81.9,67.5,medium,p3
lead_01197,71.9,65.8,62.8,medium,p3
lead_01198,100.0,52.2,80.8,high,p2
lead_01199,70.7,56.9,63.6,medium,p3
lead_01200,50.9,70.7,58.5,low,p3
lead_01201,95.5,82.3,86.6,high,p1
lead_01202,76.1,98.1,75.2,medium,p1
lead_01203,68.4,44.7,59.4,low,p3
lead_01204,91.9,56.1,80.1,high,p2
lead_01205,55.9,51.8,52.0,low,p3
lead_01206,99.3,54.6,78.6,medium,p2
lead_01207,81.8,89.2,80.9,high,p1
lead_01208,78.7,55.0,72.2,medium,p2
lead_01209,56.4,58.6,63.7,medium,p3
lead_01210,49.2,68.8,52.0,low,p3
lead_01211,93.3,100.0,90.9,high,p1
lead_01212,75.3,65.1,64.1,medium,p3
lead_01213,69.7,64.3,53.0,low,p3
lead_01214,83.7,73.2,75.3,medium,p2
lead_01215,78.9,67.5,75.9,medium,p2
lead_01216,73.5,83.1,76.2,medium,p2
lead_01217,77.2,85.1,64.2,medium,p1
lead_01218,100.0,74.9,98.7,high,p1
lead_01219,45.8,42.9,45.4,low,p4
lead_01220,82.1,76.1,78.0,medium,p2
lead_01221,49.2,36.3,45.2,low,p4
lead_01222,40.0,38.2,37.0,low,p4
lead_01223,83.0,100.0,93.9,high,p1
lead_01224,88.1,76.8,80.5,high,p2
lead_01225,100.0,46.2,70.2,medium,p2
lead_01226,61.3,74.1,58.7,low,p3
lead_01227,68.7,73.4,70.2,medium,p2
lead_01228,69.1,90.7,72.3,medium,p2
lead_01229,73.4,44.7,49.0,low,p4
lead_01230,82.7,48.4,67.5,medium,p3
lead_01231,87.4,95.1,74.3,medium,p2
lead_01232,83.5,78.0,72.3,medium,p2
lead_01233,73.5,88.7,81.2,high,p1
lead_01234,56.2,42.5,41.3,low,p4
lead_01235,68.5,40.0,50.5,low,p3
lead_01236,95.5,71.3,83.9,high,p1
lead_01237,62.1,47.9,59.0,low,p3
lead_01238,67.0,100.0,80.3,high,p2
lead_01239,100.0,54.5,75.9,medium,p2
lead_01240,68.9,94.4,81.1,high,p1
lead_01241,58.9,75.1,73.0,medium,p2
lead_01242,84.9,34.3,57.6,low,p3
lead_01243,84.9,61.8,71.5,medium,p2
lead_01244,73.8,40.8,49.6,low,p4
lead_01245,54.9,86.5,72.5,medium,p1
lead_01246,69.5,62.3,68.5,medium,p2
lead_01247,76.3,82.2,82.2,high,p1
lead_01248,83.2,63.8,67.3,medium,p3
lead_01249,87.5,91.5,80.9,high,p2
lead_01250,51.9,81.7,52.8,low,p3
lead_01251,48.7,76.0,59.9,low,p3
lead_01252,43.2,67.0,53.6,low,p3
lead_01253,59.3,94.6,73.1,medium,p1
lead_01254,95.8,47.8,60.5,medium,p3
lead_01255,83.4,100.0,80.4,high,p1
lead_01256,60.0,40.8,45.3,low,p4
lead_01257,60.7,54.1,46.8,low,p4
lead_01258,58.4,36.1,51.7,low,p3
lead_01259,88.4,84.7,76.0,medium,p2
lead_01260,80.1,70.7,70.2,medium,p2
lead_01261,77.8,62.3,69.8,medium,p2
lead_01262,80.6,83.5,73.3,medium,p2
lead_01263,65.5,43.2,55.5,low,p3
lead_01264,54.4,70.4,74.0,medium,p2
lead_01265,58.0,100.0,78.4,medium,p1
lead_01266,55.5,43.7,62.7,medium,p3
lead_01267,74.9,54.8,60.2,medium,p3
lead_01268,83.0,69.8,77.6,medium,p2
lead_01269,82.8,42.7,64.2,medium,p3
lead_01270,79.0,65.0,74.8,medium,p2
lead_01271,37.5,20.4,28.7,low,p4
lead_01272,78.1,49.6,50.1,low,p3
lead_01273,85.0,71.3,72.6,medium,p2
lead_01274,100.0,92.4,100.0,high,p1
lead_01275,63.5,52.1,59.8,low,p3
lead_01276,63.8,85.5,57.5,low,p1
lead_01277,75.9,75.8,77.0,medium,p2
lead_01278,65.3,88.3,67.1,medium,p1
lead_01279,53.9,44.2,43.3,low,p4
lead_01280,67.6,70.2,58.8,low,p3
lead_01281,39.8,98.3,57.9,low,p1
lead_01282,84.6,42.3,68.2,medium,p2
lead_01283,79.3,62.0,66.3,medium,p3
lead_01284,80.2,11.8,43.2,low,p4
lead_01285,56.3,60.6,68.8,medium,p2
lead_01286,53.3,80.8,70.9,medium,p2
lead_01287,67.4,50.9,48.4,low,p4
lead_01288,68.4,92.6,79.9,medium,p2
lead_01289,85.3,100.0,91.7,high,p1
lead_01290,61.6,70.9,74.2,medium,p2
lead_01291,67.5,100.0,76.9,medium,p2
lead_01292,84.7,67.7,72.1,medium,p2
lead_01293,61.0,34.0,43.3,low,p4
lead_01294,50.7,57.7,46.4,low,p4
lead_01295,91.2,88.4,88.4,high,p1
lead_01296,48.3,56.2,42.7,low,p4
lead_01297,77.9,85.7,81.5,high,p2
lead_01298,77.6,100.0,83.7,high,p1
lead_01299,54.7,78.7,68.9,medium,p2
lead_01300,50.7,69.8,54.8,low,p3
lead_01301,29.9,70.9,38.1,low,p4
lead_01302,81.6,42.4,56.7,low,p3
lead_01303,59.9,79.6,62.4,medium,p3
lead_01304,51.0,64.6,54.3,low,p3
lead_01305,82.1,60.8,71.8,medium,p2
lead_01306,100.0,65.7,83.3,high,p1
lead_01307,34.7,47.6,43.9,low,p4
lead_01308,53.4,74.1,61.4,medium,p3
lead_01309,39.5,81.3,48.2,low,p4
lead_01310,47.3,67.1,60.8,medium,p3
lead_01311,51.9,60.7,55.7,low,p3
lead_01312,86.2,91.3,82.3,high,p1
lead_01313,94.2,97.9,100.0,high,p1
lead_01314,65.0,65.8,57.3,low,p3
lead_01315,45.6,53.0,49.1,low,p4
lead_01316,64.5,68.8,53.1,low,p3
lead_01317,74.5,100.0,89.8,high,p1
lead_01318,74.6,65.0,66.0,medium,p3
lead_01319,55.4,82.2,50.4,low,p3
lead_01320,53.4,62.9,50.5,low,p3
lead_01321,88.4,95.8,91.8,high,p1
lead_01322,64.0,100.0,83.1,high,p1
lead_01323,63.8,70.6,71.6,medium,p2
lead_01324,57.6,60.5,58.2,low,p3
lead_01325,50.6,53.1,42.4,low,p4
lead_01326,70.2,46.7,58.5,low,p3
lead_01327,57.5,49.6,46.9,low,p4
lead_01328,53.9,66.2,59.6,low,p3
lead_01329,41.2,55.0,43.0,low,p4
lead_01330,75.5,60.2,63.9,medium,p3
lead_01331,47.6,94.0,56.9,low,p1
lead_01332,52.4,64.9,54.0,low,p3
lead_01333,55.3,25.4,36.1,low,p4
lead_01334,63.6,100.0,92.6,high,p1
lead_01335,57.3,37.7,48.3,low,p4
lead_01336,66.3,64.1,61.4,medium,p3
lead_01337,64.0,72.6,60.0,medium,p3
lead_01338,67.2,88.4,72.6,medium,p1
lead_01339,72.8,38.8,62.1,medium,p3
lead_01340,70.4,94.2,80.4,high,p1
lead_01341,69.1,39.8,68.2,medium,p2
lead_01342,77.2,73.5,82.7,high,p1
lead_01343,80.1,94.3,80.5,high,p1
lead_01344,76.3,46.7,57.6,low,p3
lead_01345,67.4,35.2,52.1,low,p3
lead_01346,75.6,38.2,53.9,low,p3
lead_01347,53.2,78.4,60.9,medium,p3
lead_01348,86.3,67.4,70.3,medium,p2
lead_01349,57.2,56.7,56.9,low,p3
lead_01350,80.8,62.7,68.6,medium,p2
lead_01351,64.5,44.9,53.9,low,p3
lead_01352,45.9,84.9,63.0,medium,p3
lead_01353,80.8,42.9,65.9,medium,p3
lead_01354,84.1,75.7,72.5,medium,p2
lead_01355,64.8,49.8,50.4,low,p3
lead_01356,50.4,93.7,55.2,low,p1
lead_01357,82.1,81.8,80.3,high,p2
lead_01358,64.2,80.0,64.7,medium,p3
lead_01359,67.2,52.7,67.2,medium,p3
lead_01360,87.4,41.5,48.2,low,p4
lead_01361,66.0,82.3,80.9,high,p2
lead_01362,81.3,100.0,96.6,high,p1
lead_01363,86.5,73.9,67.7,medium,p3
lead_01364,76.9,75.4,73.8,medium,p2
lead_01365,67.5,93.2,69.0,medium,p1
lead_01366,91.2,79.7,77.2,medium,p2
lead_01367,42.9,32.4,41.7,low,p4
lead_01368,65.1,43.1,42.1,low,p4
lead_01369,72.1,54.9,57.8,low,p3
lead_01370,66.5,69.7,67.7,medium,p3
lead_01371,53.4,41.6,45.4,low,p4
lead_01372,72.6,63.7,65.1,medium,p3
lead_01373,53.4,47.0,42.6,low,p4
lead_01374,56.7,95.3,72.2,medium,p2
lead_01375,59.2,68.3,62.6,medium,p3
lead_01376,66.7,64.1,62.7,medium,p3
lead_01377,93.2,81.4,83.1,high,p1
lead_01378,87.1,87.3,73.3,medium,p1
lead_01379,67.9,78.7,74.0,medium,p2
lead_01380,67.9,77.2,65.7,medium,p3
lead_01381,80.7,32.0,53.2,low,p3
lead_01382,32.2,44.5,37.8,low,p4
lead_01383,62.7,57.4,61.6,medium,p3
lead_01384,85.0,56.8,67.6,medium,p3
lead_01385,61.7,76.3,57.3,low,p3
lead_01386,93.1,85.5,77.2,medium,p1
lead_01387,55.0,65.6,54.0,low,p3
lead_01388,65.6,56.5,66.6,medium,p3
lead_01389,66.1,100.0,79.8,medium,p2
lead_01390,52.1,100.0,76.2,medium,p1
lead_01391,73.3,76.6,64.7,medium,p3
lead_01392,32.7,62.2,51.6,low,p3
lead_01393,63.5,93.8,79.9,medium,p1
lead_01394,68.3,86.3,80.3,high,p1
lead_01395,56.9,59.2,55.9,low,p3
lead_01396,24.2,68.0,48.1,low,p4
lead_01397,70.0,71.2,66.1,medium,p3
lead_01398,52.0,100.0,69.1,medium,p2
lead_01399,49.4,87.4,68.4,medium,p1
lead_01400,83.8,87.8,73.5,medium,p1
lead_01401,64.9,81.3,63.5,medium,p3
lead_01402,66.0,75.4,67.6,medium,p3
lead_01403,67.1,38.2,35.6,low,p4
lead_01404,92.9,54.5,67.6,medium,p3
lead_01405,27.4,81.4,53.6,low,p3
lead_01406,75.3,84.5,64.1,medium,p3
lead_01407,44.2,54.9,43.7,low,p4
lead_01408,54.2,67.4,62.6,medium,p3
lead_01409,37.3,62.8,52.1,low,p3
lead_01410,67.1,70.5,68.1,medium,p2
lead_01411,68.2,77.1,68.0,medium,p2
lead_01412,53.6,41.9,48.6,low,p4
lead_01413,59.4,45.1,55.0,low,p3
lead_01414,75.8,51.1,55.8,low,p3
lead_01415,47.3,32.8,51.9,low,p3
lead_01416,61.7,49.5,46.1,low,p4
lead_01417,60.6,45.5,58.9,low,p3
lead_01418,59.5,42.3,56.1,low,p3
lead_01419,78.5,70.0,74.1,medium,p2
lead_01420,59.9,62.2,48.3,low,p4
lead_01421,34.6,50.4,32.3,low,p4
lead_01422,74.8,46.6,53.7,low,p3
lead_01423,55.6,62.3,57.0,low,p3
lead_01424,75.4,62.0,75.3,medium,p2
lead_01425,53.5,88.5,64.3,medium,p1
lead_01426,76.8,67.5,74.3,medium,p2
lead_01427,52.1,64.7,65.0,medium,p3
lead_01428,80.7,77.0,66.7,medium,p3
lead_01429,49.5,61.9,57.2,low,p3
lead_01430,60.7,52.4,62.6,medium,p3
lead_01431,86.6,89.0,83.9,high,p1
lead_01432,50.7,80.1,58.2,low,p3
lead_01433,49.4,46.6,42.1,low,p4
lead_01434,70.3,35.8,55.9,low,p3
lead_01435,48.1,59.2,50.6,low,p3
lead_01436,54.9,57.8,50.9,low,p3
lead_01437,58.0,81.8,67.1,medium,p3
lead_01438,56.2,51.4,49.5,low,p4
lead_01439,71.0,87.8,70.6,medium,p2
lead_01440,39.6,80.0,54.7,low,p3
lead_01441,57.8,74.4,47.1,low,p4
lead_01442,80.1,82.0,72.4,medium,p2
lead_01443,51.7,72.1,60.6,medium,p3
lead_01444,68.1,40.9,69.0,medium,p2
lead_01445,93.4,76.8,82.4,high,p1
lead_01446,85.7,83.3,70.4,medium,p2
lead_01447,53.1,54.8,50.0,low,p4
lead_01448,76.8,25.8,42.6,low,p4
lead_01449,56.5,60.8,61.5,medium,p3
lead_01450,80.8,57.8,70.9,medium,p2
lead_01451,77.9,74.8,71.0,medium,p2
lead_01452,52.4,43.8,39.0,low,p4
lead_01453,84.9,73.0,72.8,medium,p2
lead_01454,75.3,54.4,55.8,low,p3
lead_01455,62.3,72.8,58.2,low,p3
lead_01456,60.9,62.0,54.6,low,p3
lead_01457,75.9,45.7,61.7,medium,p3
lead_01458,46.9,77.3,58.2,low,p3
lead_01459,50.0,83.9,55.5,low,p3
lead_01460,47.5,30.1,44.6,low,p4
lead_01461,94.2,34.9,57.1,low,p3
lead_01462,81.0,64.7,68.7,medium,p2
lead_01463,56.4,70.3,51.6,low,p3
lead_01464,60.7,42.9,47.9,low,p4
lead_01465,43.7,57.7,42.3,low,p4
lead_01466,81.2,63.9,68.7,medium,p2
lead_01467,76.7,31.7,44.8,low,p4
lead_01468,61.5,63.0,57.2,low,p3
lead_01469,45.9,58.7,48.2,low,p4
lead_01470,68.9,76.0,63.7,medium,p3
lead_01471,65.3,63.0,64.7,medium,p3
lead_01472,89.1,57.5,77.6,medium,p2
lead_01473,49.8,46.5,34.1,low,p4
lead_01474,60.1,74.7,50.1,low,p3
lead_01475,60.6,73.9,65.8,medium,p3
lead_01476,41.3,76.9,53.3,low,p3
lead_01477,76.3,62.7,70.1,medium,p2
lead_01478,86.5,75.3,78.5,medium,p2
lead_01479,97.5,71.6,74.7,medium,p2
lead_01480,75.5,83.8,83.5,high,p1
lead_01481,87.0,27.8,53.4,low,p3
lead_01482,71.8,74.8,80.7,high,p2
lead_01483,50.9,98.4,65.6,medium,p3
lead_01484,69.3,89.2,79.5,medium,p1
lead_01485,67.1,49.1,57.9,low,p3
lead_01486,51.5,43.6,46.9,low,p4
lead_01487,65.5,88.9,72.1,medium,p1
lead_01488,76.9,58.2,70.9,medium,p2
lead_01489,56.7,78.6,69.1,medium,p2
lead_01490,59.8,58.5,52.0,low,p3
lead_01491,65.6,59.5,56.3,low,p3
lead_01492,58.6,34.5,45.2,low,p4
lead_01493,67.1,65.5,67.8,medium,p3
lead_01494,74.7,65.7,59.3,low,p3
lead_01495,60.3,93.4,72.5,medium,p1
lead_01496,59.8,46.9,44.2,low,p4
lead_01497,68.4,87.7,70.7,medium,p1
lead_01498,44.6,47.7,48.1,low,p4
lead_01499,64.9,46.7,53.4,low,p3
lead_01500,88.9,85.0,90.1,high,p1
lead_01501,43.5,62.3,46.1,low,p4
lead_01502,65.6,82.1,68.6,medium,p2
lead_01503,53.8,46.1,51.9,low,p3
lead_01504,68.1,65.5,63.7,medium,p3
lead_01505,66.7,62.8,66.0,medium,p3
lead_01506,88.8,74.4,79.2,medium,p2
lead_01507,66.8,51.0,50.9,low,p3
lead_01508,87.6,61.2,76.5,medium,p2
lead_01509,57.3,77.8,65.5,medium,p3
lead_01510,91.8,65.4,78.5,medium,p2
lead_01511,68.3,35.1,62.7,medium,p3
lead_01512,100.0,87.1,94.0,high,p1
lead_01513,79.2,73.2,70.6,medium,p2
lead_01514,81.5,47.5,57.0,low,p3
lead_01515,74.4,85.8,72.0,medium,p1
lead_01516,54.8,61.1,49.6,low,p4
lead_01517,45.8,55.5,51.0,low,p3
lead_01518,74.8,73.9,73.7,medium,p2
lead_01519,57.2,42.9,51.3,low,p3
lead_01520,65.0,81.3,71.0,medium,p2
lead_01521,76.0,54.6,68.6,medium,p2
lead_01522,100.0,75.0,86.6,high,p1
lead_01523,53.0,74.1,66.2,medium,p3
lead_01524,64.1,89.6,75.6,medium,p1
lead_01525,85.5,88.6,86.1,high,p1
lead_01526,56.1,78.0,68.0,medium,p2
lead_01527,72.2,74.0,59.2,low,p3
lead_01528,88.2,96.0,84.0,high,p1
lead_01529,67.9,54.0,54.7,low,p3
lead_01530,83.3,59.9,67.1,medium,p3
lead_01531,55.3,75.6,62.8,medium,p3
lead_01532,52.0,63.7,51.2,low,p3
lead_01533,96.0,66.1,85.1,high,p1
lead_01534,48.1,77.7,64.6,medium,p3
lead_01535,81.2,84.5,78.6,medium,p2
lead_01536,83.3,87.2,73.5,medium,p2
lead_01537,49.6,36.1,48.4,low,p4
lead_01538,36.9,31.0,26.1,low,p4
lead_01539,43.7,69.9,45.6,low,p4
lead_01540,42.3,57.2,48.8,low,p4
lead_01541,39.8,45.2,42.9,low,p4
lead_01542,63.0,59.1,64.1,medium,p3
lead_01543,100.0,68.4,71.5,medium,p2
lead_01544,54.7,66.5,56.0,low,p3
lead_01545,88.5,100.0,79.3,medium,p2
lead_01546,50.9,90.7,61.8,medium,p3
lead_01547,77.1,69.4,77.7,medium,p2
lead_01548,92.8,64.0,65.2,medium,p3
lead_01549,56.2,97.3,63.0,medium,p1
lead_01550,65.0,17.7,31.9,low,p4
lead_01551,89.4,70.6,75.2,medium,p2
lead_01552,59.6,43.1,55.3,low,p3
lead_01553,54.0,35.6,43.1,low,p4
lead_01554,79.1,75.4,72.3,medium,p2
lead_01555,71.5,66.3,64.6,medium,p3
lead_01556,76.3,76.6,76.9,medium,p2
lead_01557,61.5,90.5,72.0,medium,p1
lead_01558,48.1,54.6,51.2,low,p3
lead_01559,85.3,25.4,64.4,medium,p3
lead_01560,93.3,73.6,79.2,medium,p2
lead_01561,63.5,51.5,52.0,low,p3
lead_01562,59.3,42.7,63.2,medium,p3
lead_01563,77.9,73.7,75.4,medium,p2
lead_01564,46.4,57.5,50.9,low,p3
lead_01565,74.2,56.5,68.0,medium,p2
lead_01566,82.6,81.1,79.9,medium,p2
lead_01567,55.6,60.0,62.5,medium,p3
lead_01568,44.8,29.3,40.0,low,p4
lead_01569,49.2,43.6,50.2,low,p3
lead_01570,64.0,35.3,61.3,medium,p3
lead_01571,35.5,61.4,35.1,low,p4
lead_01572,69.8,46.5,60.3,medium,p3
lead_01573,57.8,87.3,63.4,medium,p3
lead_01574,54.5,74.3,59.1,low,p3
lead_01575,32.5,44.0,32.9,low,p4
lead_01576,89.8,77.7,75.4,medium,p2
lead_01577,64.6,26.3,42.4,low,p4
lead_01578,73.6,68.0,64.7,medium,p3
lead_01579,70.5,85.1,72.9,medium,p2
lead_01580,78.1,63.7,71.4,medium,p2
lead_01581,90.0,72.9,86.5,high,p1
lead_01582,67.6,41.3,55.7,low,p3
lead_01583,76.8,100.0,75.3,medium,p2
lead_01584,56.9,70.3,59.1,low,p3
lead_01585,63.6,64.5,67.7,medium,p3
lead_01586,89.5,65.6,68.2,medium,p2
lead_01587,100.0,54.6,84.8,high,p1
lead_01588,76.8,89.8,81.5,high,p1
lead_01589,28.4,44.3,39.6,low,p4
lead_01590,48.5,57.3,52.6,low,p3
lead_01591,55.6,41.1,51.0,low,p3
lead_01592,73.2,53.5,65.7,medium,p3
lead_01593,59.3,87.0,67.3,medium,p3
lead_01594,89.5,45.3,69.0,medium,p2
lead_01595,52.4,47.5,55.9,low,p3
lead_01596,92.4,37.9,68.3,medium,p2
lead_01597,74.3,45.0,51.5,low,p3
lead_01598,35.7,56.9,43.6,low,p4
lead_01599,88.2,74.8,69.7,medium,p2
lead_01600,71.3,60.4,55.6,low,p3
lead_01601,35.7,74.2,53.9,low,p3
lead_01602,87.8,60.9,72.1,medium,p2
lead_01603,46.7,40.2,42.4,low,p4
lead_01604,61.7,33.7,40.1,low,p4
lead_01605,52.9,80.3,56.9,low,p3
lead_01606,79.0,74.4,74.0,medium,p2
lead_01607,61.8,38.8,44.9,low,p4
lead_01608,97.1,97.1,97.1,high,p1
lead_01609,83.4,32.1,50.9,low,p3
lead_01610,72.6,100.0,80.1,high,p1
lead_01611,68.4,69.8,65.4,medium,p3
lead_01612,65.7,36.4,36.6,low,p4
lead_01613,88.9,67.9,63.7,medium,p3
lead_01614,86.1,81.5,82.8,high,p1
lead_01615,95.6,57.5,69.1,medium,p2
lead_01616,75.5,88.8,63.6,medium,p1
lead_01617,78.8,86.8,86.4,high,p1
lead_01618,86.9,89.1,69.7,medium,p1
lead_01619,80.6,68.9,76.3,medium,p2
lead_01620,54.6,47.4,59.8,low,p3
lead_01621,53.0,52.4,53.9,low,p3
lead_01622,68.8,82.4,70.5,medium,p2
lead_01623,43.2,75.7,61.0,medium,p3
lead_01624,32.6,88.5,41.1,low,p4
lead_01625,80.5,46.6,65.9,medium,p3
lead_01626,75.1,64.3,70.4,medium,p2
lead_01627,56.8,75.9,76.2,medium,p2
lead_01628,61.2,16.6,37.8,low,p4
lead_01629,59.2,51.2,48.3,low,p4
lead_01630,83.2,54.1,68.5,medium,p2
lead_01631,66.9,68.7,66.2,medium,p3
lead_01632,81.3,66.0,68.8,medium,p2
lead_01633,77.8,89.8,85.2,high,p1
lead_01634,34.0,59.7,36.7,low,p4
lead_01635,73.9,71.1,66.5,medium,p3
lead_01636,55.8,68.7,57.7,low,p3
lead_01637,78.0,94.9,86.0,high,p1
lead_01638,61.3,95.9,73.4,medium,p2
lead_01639,59.3,45.8,45.6,low,p4
lead_01640,70.9,87.3,66.3,medium,p1
lead_01641,73.7,77.8,75.0,medium,p2
lead_01642,67.6,69.4,55.4,low,p3
lead_01643,55.2,63.9,60.8,medium,p3
lead_01644,71.2,49.7,56.8,low,p3
lead_01645,98.2,79.8,86.1,high,p1
lead_01646,53.6,52.2,50.2,low,p3
lead_01647,69.9,68.2,66.5,medium,p3
lead_01648,60.8,48.8,64.2,medium,p3
lead_01649,63.2,55.7,46.6,low,p4
lead_01650,75.1,90.9,74.3,medium,p2
lead_01651,78.7,62.9,72.2,medium,p2
lead_01652,55.4,44.6,48.7,low,p4
lead_01653,64.8,59.8,61.3,medium,p3
lead_01654,76.2,39.4,53.4,low,p3
lead_01655,60.7,56.5,61.2,medium,p3
lead_01656,50.9,26.9,36.8,low,p4
lead_01657,43.1,71.9,57.3,low,p3
lead_01658,27.6,49.1,36.5,low,p4
lead_01659,46.3,72.1,61.0,medium,p3
lead_01660,63.7,44.1,38.2,low,p4
lead_01661,91.4,100.0,99.8,high,p1
lead_01662,77.3,54.3,67.9,medium,p3
lead_01663,56.2,71.6,60.2,medium,p3
lead_01664,59.3,81.5,72.2,medium,p2
lead_01665,72.7,57.4,48.1,low,p4
lead_01666,53.2,43.3,50.8,low,p3
lead_01667,61.3,53.9,59.6,low,p3
lead_01668,63.6,60.9,69.5,medium,p2
lead_01669,78.3,57.5,60.0,medium,p3
lead_01670,88.0,73.7,73.5,medium,p2
lead_01671,78.5,80.6,81.2,high,p2
lead_01672,87.6,95.2,95.6,high,p1
lead_01673,70.8,54.2,48.4,low,p4
lead_01674,58.2,72.3,60.9,medium,p3
lead_01675,44.6,73.8,61.2,medium,p3
lead_01676,43.6,66.0,53.4,low,p3
lead_01677,83.7,95.8,80.8,high,p2
lead_01678,68.6,61.9,65.3,medium,p3
lead_01679,65.5,88.7,56.7,low,p3
lead_01680,71.9,66.8,62.1,medium,p3
lead_01681,26.3,61.9,38.2,low,p4
lead_01682,89.5,64.8,69.2,medium,p2
lead_01683,29.3,73.6,51.3,low,p3
lead_01684,55.0,73.9,58.3,low,p3
lead_01685,94.9,91.9,78.7,medium,p2
lead_01686,46.5,94.6,68.8,medium,p2
lead_01687,40.3,34.7,39.9,low,p4
lead_01688,42.0,57.3,45.8,low,p4
lead_01689,56.7,83.3,75.8,medium,p2
lead_01690,51.3,42.6,47.6,low,p4
lead_01691,88.8,50.7,72.5,medium,p2
lead_01692,65.3,70.4,59.5,low,p3
lead_01693,80.2,71.9,76.1,medium,p2
lead_01694,82.9,56.0,54.9,low,p3
lead_01695,63.2,63.4,61.7,medium,p3
lead_01696,55.8,89.8,66.3,medium,p3
lead_01697,78.5,60.0,54.9,low,p3
lead_01698,75.6,83.4,68.9,medium,p2
lead_01699,65.4,55.4,54.3,low,p3
lead_01700,46.9,70.3,52.3,low,p3
lead_01701,59.7,49.5,52.6,low,p3
lead_01702,70.9,66.7,64.0,medium,p3
lead_01703,81.3,94.6,86.9,high,p1
lead_01704,69.6,69.5,66.3,medium,p3
lead_01705,70.6,56.2,51.3,low,p3
lead_01706,62.8,69.2,58.9,low,p3
lead_01707,72.5,50.0,48.3,low,p4
lead_01708,48.2,35.3,44.0,low,p4
lead_01709,57.5,82.7,70.3,medium,p2
lead_01710,58.1,64.5,63.6,medium,p3
lead_01711,81.7,28.8,54.5,low,p3
lead_01712,27.2,53.1,43.3,low,p4
lead_01713,100.0,69.7,76.6,medium,p2
lead_01714,63.8,80.2,63.3,medium,p3
lead_01715,45.1,55.3,49.7,low,p4
lead_01716,68.6,63.1,57.7,low,p3
lead_01717,52.2,45.0,42.5,low,p4
lead_01718,86.0,65.9,64.6,medium,p3
lead_01719,72.3,70.5,60.6,medium,p3
lead_01720,52.9,48.7,53.2,low,p3
lead_01721,71.8,68.7,67.6,medium,p3
lead_01722,50.3,100.0,75.5,medium,p1
lead_01723,57.5,68.5,65.1,medium,p3
lead_01724,58.8,91.0,85.6,high,p1
lead_01725,64.2,47.5,50.4,low,p3
lead_01726,46.0,92.5,63.6,medium,p1
lead_01727,70.3,82.4,62.8,medium,p3
lead_01728,53.0,89.4,64.5,medium,p3
lead_01729,48.8,44.2,43.5,low,p4
lead_01730,89.1,77.3,81.7,high,p2
lead_01731,93.2,100.0,92.1,high,p1
lead_01732,100.0,65.5,89.6,high,p1
lead_01733,52.5,79.3,58.1,low,p3
lead_01734,64.5,100.0,82.3,high,p1
lead_01735,64.7,49.1,54.5,low,p3
lead_01736,43.9,79.0,63.0,medium,p3
lead_01737,77.5,100.0,91.7,high,p1
lead_01738,60.1,73.2,59.5,low,p3
lead_01739,54.2,43.6,44.2,low,p4
lead_01740,69.5,49.1,61.7,medium,p3
lead_01741,94.3,73.9,65.7,medium,p3
lead_01742,54.5,37.9,40.1,low,p4
lead_01743,97.3,26.2,59.5,low,p3
lead_01744,69.6,50.4,53.0,low,p3
lead_01745,86.5,69.8,79.2,medium,p2
lead_01746,86.9,76.9,85.3,high,p1
lead_01747,94.7,34.7,62.0,medium,p3
lead_01748,79.4,66.3,74.6,medium,p2
lead_01749,69.6,92.7,82.9,high,p1
lead_01750,99.1,52.4,68.2,medium,p2
lead_01751,47.9,86.8,55.4,low,p1
lead_01752,44.9,42.8,58.3,low,p3
lead_01753,56.0,72.5,53.9,low,p3
lead_01754,81.4,33.1,50.9,low,p3
lead_01755,47.8,66.9,49.3,low,p4
lead_01756,100.0,83.1,84.8,high,p1
lead_01757,94.0,66.9,74.7,medium,p2
lead_01758,70.5,18.8,50.5,low,p3
lead_01759,58.0,52.1,64.3,medium,p3
lead_01760,58.6,75.2,66.3,medium,p3
lead_01761,63.4,58.5,57.3,low,p3
lead_01762,79.4,79.7,71.7,medium,p2
lead_01763,51.4,47.5,53.6,low,p3
lead_01764,87.5,89.0,75.0,medium,p1
lead_01765,87.6,93.5,87.3,high,p1
lead_01766,85.7,39.2,62.5,medium,p3
lead_01767,62.7,89.1,77.9,medium,p1
lead_01768,83.2,72.0,69.7,medium,p2
lead_01769,73.1,69.5,64.3,medium,p3
lead_01770,86.9,88.0,74.3,medium,p2
lead_01771,66.5,59.1,55.6,low,p3
lead_01772,74.1,91.3,81.5,high,p1
lead_01773,98.9,61.1,76.8,medium,p2
lead_01774,55.3,62.3,57.7,low,p3
lead_01775,93.4,97.6,94.0,high,p1
lead_01776,46.0,38.7,41.9,low,p4
lead_01777,100.0,73.6,74.9,medium,p2
lead_01778,87.2,71.8,75.5,medium,p2
lead_01779,49.6,58.3,55.6,low,p3
lead_01780,75.0,52.8,61.3,medium,p3
lead_01781,59.4,95.0,78.0,medium,p2
lead_01782,58.7,37.0,46.9,low,p4
lead_01783,70.1,62.5,57.3,low,p3
lead_01784,51.8,60.9,51.1,low,p3
lead_01785,100.0,80.7,80.6,high,p2
lead_01786,49.5,86.2,62.8,medium,p1
lead_01787,86.6,70.1,61.8,medium,p3
lead_01788,43.7,50.8,48.8,low,p4
lead_01789,43.3,65.8,41.5,low,p4
lead_01790,66.1,64.7,71.0,medium,p2
lead_01791,61.4,48.3,60.3,medium,p3
lead_01792,74.4,83.9,73.2,medium,p2
lead_01793,81.3,59.6,71.2,medium,p2
lead_01794,79.3,56.1,61.1,medium,p3
lead_01795,76.0,64.1,57.1,low,p3
lead_01796,84.9,72.1,73.8,medium,p2
lead_01797,65.3,74.9,65.5,medium,p3
lead_01798,50.3,46.5,49.2,low,p4
lead_01799,59.9,53.1,51.1,low,p3
lead_01800,79.6,75.0,75.9,medium,p2
lead_01801,70.3,57.4,66.8,medium,p3
lead_01802,59.9,67.8,46.5,low,p4
lead_01803,44.4,46.5,42.3,low,p4
lead_01804,67.6,60.8,64.1,medium,p3
lead_01805,70.4,86.4,84.4,high,p1
lead_01806,72.1,58.1,60.5,medium,p3
lead_01807,69.2,55.5,49.6,low,p4
lead_01808,37.6,81.4,61.5,medium,p3
lead_01809,80.4,67.1,65.2,medium,p3
lead_01810,59.9,31.2,35.6,low,p4
lead_01811,69.6,67.7,75.9,medium,p2
lead_01812,56.8,38.6,44.5,low,p4
lead_01813,64.0,56.2,60.1,medium,p3
lead_01814,54.0,81.4,66.7,medium,p3
lead_01815,77.9,68.6,74.0,medium,p2
lead_01816,61.8,59.5,63.9,medium,p3
lead_01817,46.8,50.7,55.0,low,p3
lead_01818,63.0,52.9,55.0,low,p3
lead_01819,59.6,82.5,71.2,medium,p2
lead_01820,58.2,82.7,67.6,medium,p3
lead_01821,78.0,39.5,67.7,medium,p3
lead_01822,61.1,13.5,48.6,low,p4
lead_01823,58.1,55.9,49.3,low,p4
lead_01824,72.2,42.0,51.8,low,p3
lead_01825,50.3,57.7,47.2,low,p4
lead_01826,69.9,67.9,66.5,medium,p3
lead_01827,66.5,61.3,54.7,low,p3
lead_01828,83.3,79.7,83.6,high,p1
lead_01829,91.5,61.7,59.1,low,p3
lead_01830,40.8,74.5,51.7,low,p3
lead_01831,71.1,25.1,48.8,low,p4
lead_01832,61.9,57.0,63.9,medium,p3
lead_01833,43.6,46.2,43.3,low,p4
lead_01834,92.2,66.8,86.9,high,p1
lead_01835,40.1,36.8,27.9,low,p4
lead_01836,42.9,64.1,44.0,low,p4
lead_01837,51.3,85.8,68.0,medium,p1
lead_01838,91.7,85.8,80.3,high,p1
lead_01839,61.9,71.9,58.7,low,p3
lead_01840,82.3,51.5,62.4,medium,p3
lead_01841,63.2,90.1,79.0,medium,p2
lead_01842,75.3,59.4,64.5,medium,p3
lead_01843,59.7,59.0,50.6,low,p3
lead_01844,85.0,87.0,88.3,high,p1
lead_01845,82.6,59.3,60.7,medium,p3
lead_01846,70.3,66.0,69.9,medium,p2
lead_01847,63.0,63.2,61.4,medium,p3
lead_01848,69.6,91.4,67.8,medium,p3
lead_01849,75.3,77.4,79.6,medium,p2
lead_01850,48.8,37.4,45.7,low,p4
lead_01851,65.5,77.4,63.6,medium,p3
lead_01852,89.8,75.4,81.1,high,p2
lead_01853,49.6,67.0,49.7,low,p4
lead_01854,56.8,33.4,43.4,low,p4
lead_01855,72.9,67.1,64.5,medium,p3
lead_01856,81.5,75.9,74.8,medium,p2
lead_01857,60.5,44.3,52.0,low,p3
lead_01858,55.4,84.4,57.8,low,p3
lead_01859,93.5,26.0,68.9,medium,p2
lead_01860,43.1,36.4,41.0,low,p4
lead_01861,66.7,57.9,63.7,medium,p3
lead_01862,68.8,66.8,64.0,medium,p3
lead_01863,50.5,28.2,38.9,low,p4
lead_01864,66.4,84.4,61.9,medium,p3
lead_01865,49.0,84.7,63.0,medium,p3
lead_01866,73.7,66.2,69.6,medium,p2
lead_01867,100.0,75.6,79.6,medium,p2
lead_01868,76.9,54.8,61.6,medium,p3
lead_01869,63.2,48.2,50.4,low,p3
lead_01870,74.7,55.1,66.9,medium,p3
lead_01871,57.2,61.2,68.2,medium,p2
lead_01872,58.6,73.5,74.5,medium,p2
lead_01873,57.6,87.2,70.3,medium,p1
lead_01874,65.9,55.6,45.5,low,p4
lead_01875,53.5,67.2,57.9,low,p3
lead_01876,100.0,79.1,88.0,high,p1
lead_01877,84.3,74.7,74.1,medium,p2
lead_01878,75.9,63.7,70.3,medium,p2
lead_01879,68.6,90.2,68.3,medium,p1
lead_01880,70.1,92.9,72.1,medium,p2
lead_01881,93.8,67.9,78.6,medium,p2
lead_01882,67.6,52.4,46.7,low,p4
lead_01883,70.3,100.0,82.4,high,p1
lead_01884,65.6,59.7,66.0,medium,p3
lead_01885,70.5,83.8,61.5,medium,p3
lead_01886,60.6,71.6,67.9,medium,p3
lead_01887,71.1,34.6,41.5,low,p4
lead_01888,66.2,49.6,60.8,medium,p3
lead_01889,35.2,61.2,46.2,low,p4
lead_01890,64.7,44.4,40.8,low,p4
lead_01891,79.4,79.5,83.0,high,p1
lead_01892,53.0,77.0,63.3,medium,p3
lead_01893,89.5,78.0,65.8,medium,p3
lead_01894,57.1,64.6,59.9,low,p3
lead_01895,36.5,57.4,49.3,low,p4
lead_01896,56.5,57.5,63.2,medium,p3
lead_01897,43.0,85.2,64.4,medium,p3
lead_01898,64.8,64.4,59.0,low,p3
lead_01899,60.5,52.3,54.1,low,p3
lead_01900,75.0,68.2,67.4,medium,p3
lead_01901,45.6,71.8,55.1,low,p3
lead_01902,39.9,51.7,40.8,low,p4
lead_01903,88.9,69.3,78.3,medium,p2
lead_01904,85.4,46.7,63.4,medium,p3
lead_01905,90.2,62.1,76.6,medium,p2
lead_01906,52.3,75.4,58.8,low,p3
lead_01907,32.4,56.6,35.5,low,p4
lead_01908,59.6,46.5,53.9,low,p3
lead_01909,58.6,40.5,44.1,low,p4
lead_01910,76.7,85.7,70.0,medium,p2
lead_01911,42.6,98.1,65.3,medium,p1
lead_01912,69.3,51.7,59.1,low,p3
lead_01913,95.0,83.6,88.7,high,p1
lead_01914,66.4,39.5,48.2,low,p4
lead_01915,55.4,82.9,74.0,medium,p2
lead_01916,82.3,68.5,67.2,medium,p3
lead_01917,71.0,35.7,46.4,low,p4
lead_01918,89.6,65.0,73.9,medium,p2
lead_01919,55.6,76.1,61.9,medium,p3
lead_01920,69.6,61.3,64.0,medium,p3
lead_01921,70.2,57.4,59.8,low,p3
lead_01922,80.6,73.3,68.3,medium,p2
lead_01923,73.5,54.3,61.9,medium,p3
lead_01924,39.2,61.1,38.8,low,p4
lead_01925,52.3,100.0,71.6,medium,p2
lead_01926,88.2,94.4,90.2,high,p1
lead_01927,55.2,91.9,72.6,medium,p2
lead_01928,58.6,67.7,59.2,low,p3
lead_01929,58.7,62.2,59.5,low,p3
lead_01930,82.4,41.3,66.9,medium,p3
lead_01931,60.8,80.9,63.1,medium,p3
lead_01932,63.8,60.1,46.1,low,p4
lead_01933,90.3,41.0,64.9,medium,p3
lead_01934,43.3,38.9,38.9,low,p4
lead_01935,68.7,49.0,59.7,low,p3
lead_01936,47.3,67.3,53.1,low,p3
lead_01937,36.3,69.6,53.3,low,p3
lead_01938,53.1,74.2,59.8,low,p3
lead_01939,53.8,64.8,62.0,medium,p3
lead_01940,67.7,70.3,74.4,medium,p2
lead_01941,56.0,73.3,54.5,low,p3
lead_01942,77.7,82.0,60.8,medium,p3
lead_01943,50.5,70.7,58.4,low,p3
lead_01944,72.7,54.1,65.6,medium,p3
lead_01945,75.5,83.8,77.0,medium,p2
lead_01946,59.7,77.3,59.8,low,p3
lead_01947,74.7,86.8,81.0,high,p2
lead_01948,55.5,100.0,72.5,medium,p1
lead_01949,74.4,78.6,65.3,medium,p3
lead_01950,86.1,54.7,72.6,medium,p2
lead_01951,82.2,68.9,69.1,medium,p2
lead_01952,61.2,9.8,35.9,low,p4
lead_01953,77.2,53.7,58.6,low,p3
lead_01954,63.8,86.9,71.2,medium,p1
lead_01955,100.0,63.7,80.5,high,p2
lead_01956,61.9,100.0,76.5,medium,p2
lead_01957,95.8,50.4,78.1,medium,p2
lead_01958,59.7,78.1,58.5,low,p3
lead_01959,70.9,38.8,54.7,low,p3
lead_01960,44.7,56.3,54.5,low,p3
lead_01961,73.7,35.8,41.7,low,p4
lead_01962,87.0,100.0,82.2,high,p1
lead_01963,97.4,64.9,65.4,medium,p3
lead_01964,36.1,76.9,54.5,low,p3
lead_01965,97.8,48.4,74.0,medium,p2
lead_01966,77.1,67.4,68.9,medium,p2
lead_01967,74.9,77.1,73.4,medium,p2
lead_01968,71.5,86.7,65.0,medium,p3
lead_01969,32.6,81.3,46.6,low,p4
lead_01970,60.7,47.0,48.3,low,p4
lead_01971,45.6,47.7,48.9,low,p4
lead_01972,57.9,72.1,57.2,low,p3
lead_01973,80.6,55.8,54.0,low,p3
lead_01974,72.4,78.8,68.7,medium,p2
lead_01975,74.8,47.7,62.1,medium,p3
lead_01976,100.0,70.7,82.8,high,p1
lead_01977,64.5,87.3,75.8,medium,p1
lead_01978,100.0,79.0,80.8,high,p2
lead_01979,49.8,64.1,40.3,low,p4
lead_01980,51.4,54.8,51.5,low,p3
lead_01981,95.2,66.0,63.9,medium,p3
lead_01982,55.2,69.7,59.9,low,p3
lead_01983,80.7,80.3,80.6,high,p2
lead_01984,55.0,82.8,58.4,low,p3
lead_01985,71.6,57.9,53.9,low,p3
lead_01986,66.3,88.2,69.2,medium,p2
lead_01987,79.9,33.2,48.1,low,p4
lead_01988,65.9,58.3,56.3,low,p3
lead_01989,59.9,53.5,53.2,low,p3
lead_01990,69.9,46.0,55.6,low,p3
lead_01991,57.0,36.3,49.2,low,p4
lead_01992,100.0,89.2,93.1,high,p1
lead_01993,49.0,57.8,56.6,low,p3
lead_01994,26.1,56.5,44.5,low,p4
lead_01995,42.1,70.6,55.7,low,p3
lead_01996,59.6,75.6,58.1,low,p3
lead_01997,82.8,82.1,80.8,high,p2
lead_01998,67.0,63.2,54.9,low,p3
lead_01999,79.6,59.7,72.7,medium,p2
lead_02000,89.6,86.2,94.8,high,p1
lead_02001,53.4,53.1,47.3,low,p4
lead_02002,48.6,51.6,53.1,low,p3
lead_02003,48.5,45.7,45.0,low,p4
lead_02004,52.2,78.9,60.4,medium,p3
lead_02005,46.8,80.5,63.9,medium,p3
lead_02006,38.2,67.5,46.2,low,p4
lead_02007,47.6,96.7,67.6,medium,p1
lead_02008,65.0,66.5,67.1,medium,p3
lead_02009,70.2,64.4,67.6,medium,p3
lead_02010,44.8,75.8,48.1,low,p4
lead_02011,62.6,29.2,38.6,low,p4
lead_02012,98.2,92.8,95.2,high,p1
lead_02013,37.7,44.1,42.1,low,p4
lead_02014,81.0,64.6,68.0,medium,p2
lead_02015,50.2,87.8,62.3,medium,p3
lead_02016,77.4,71.5,79.8,medium,p2
lead_02017,54.7,86.0,57.4,low,p3
lead_02018,82.3,27.1,55.1,low,p3
lead_02019,88.8,70.6,76.1,medium,p2
lead_02020,65.3,60.8,70.5,medium,p2
lead_02021,64.6,79.0,66.1,medium,p3
lead_02022,54.1,76.8,62.2,medium,p3
lead_02023,77.6,48.5,69.2,medium,p2
lead_02024,64.2,52.1,63.0,medium,p3
lead_02025,61.4,67.7,64.8,medium,p3
lead_02026,67.4,68.3,60.5,medium,p3
lead_02027,85.8,49.8,69.4,medium,p2
lead_02028,75.8,78.2,82.1,high,p1
lead_02029,61.6,68.8,62.4,medium,p3
lead_02030,71.0,96.6,83.2,high,p1
lead_02031,59.9,77.9,57.7,low,p3
lead_02032,76.6,62.3,73.1,medium,p2
lead_02033,61.3,78.7,69.3,medium,p2
lead_02034,62.7,97.9,71.0,medium,p2
lead_02035,51.3,94.4,54.1,low,p3
lead_02036,78.9,64.8,60.9,medium,p3
lead_02037,54.7,35.6,44.0,low,p4
lead_02038,39.4,72.0,50.5,low,p3
lead_02039,64.3,88.2,75.7,medium,p2
lead_02040,82.0,46.6,63.4,medium,p3
lead_02041,68.1,72.9,63.5,medium,p3
lead_02042,71.1,62.5,66.3,medium,p3
lead_02043,58.0,72.1,59.1,low,p3
lead_02044,49.9,66.4,49.0,low,p4
lead_02045,76.0,59.9,66.0,medium,p3
lead_02046,61.1,91.8,72.6,medium,p2
lead_02047,81.0,61.5,74.3,medium,p2
lead_02048,76.2,46.5,57.7,low,p3
lead_02049,73.7,64.3,65.1,medium,p3
lead_02050,57.0,62.0,64.6,medium,p3
lead_02051,47.6,94.6,65.1,medium,p1
lead_02052,66.1,65.3,51.5,low,p3
lead_02053,43.2,53.6,53.8,low,p3
lead_02054,48.6,49.6,49.2,low,p4
lead_02055,72.6,66.0,61.8,medium,p3
lead_02056,35.6,72.7,58.5,low,p3
lead_02057,61.2,37.4,44.9,low,p4
lead_02058,76.5,74.8,78.9,medium,p2
lead_02059,78.9,61.3,53.9,low,p3
lead_02060,48.3,53.1,44.6,low,p4
lead_02061,82.7,77.8,66.1,medium,p3
lead_02062,69.3,63.3,64.1,medium,p3
lead_02063,90.4,60.2,79.7,medium,p2
lead_02064,78.0,100.0,78.0,medium,p1
lead_02065,78.1,46.7,74.3,medium,p2
lead_02066,44.7,82.0,56.8,low,p3
lead_02067,90.0,73.3,68.8,medium,p2
lead_02068,26.8,100.0,57.0,low,p1
lead_02069,29.8,84.4,56.2,low,p3
lead_02070,70.0,61.2,64.4,medium,p3
lead_02071,84.8,66.8,79.0,medium,p2
lead_02072,73.8,58.9,53.6,low,p3
lead_02073,54.8,72.5,60.5,medium,p3
lead_02074,76.9,80.5,75.8,medium,p2
lead_02075,62.1,67.4,76.7,medium,p2
lead_02076,59.1,82.8,77.9,medium,p2
lead_02077,63.6,92.0,79.1,medium,p2
lead_02078,59.3,86.8,68.2,medium,p1
lead_02079,76.2,64.2,76.4,medium,p2
lead_02080,64.4,49.7,50.6,low,p3
lead_02081,75.2,54.6,60.4,medium,p3
lead_02082,72.6,86.3,80.2,high,p2
lead_02083,74.4,70.5,61.7,medium,p3
lead_02084,81.1,67.9,74.1,medium,p2
lead_02085,69.7,67.3,65.4,medium,p3
lead_02086,77.6,59.6,61.7,medium,p3
lead_02087,69.9,55.4,50.4,low,p3
lead_02088,87.2,62.0,70.5,medium,p2
lead_02089,64.9,63.1,46.1,low,p4
lead_02090,71.5,81.9,76.5,medium,p2
lead_02091,50.3,100.0,63.6,medium,p3
lead_02092,42.9,77.1,58.0,low,p3
lead_02093,67.1,47.8,63.6,medium,p3
lead_02094,76.4,41.8,65.1,medium,p3
lead_02095,71.1,85.1,76.0,medium,p2
lead_02096,91.5,57.4,70.1,medium,p2
lead_02097,90.1,68.5,81.0,high,p2
lead_02098,38.7,72.7,52.0,low,p3
lead_02099,78.1,58.2,72.5,medium,p2
lead_02100,72.9,77.6,71.5,medium,p2
lead_02101,65.0,88.8,71.4,medium,p1
lead_02102,77.8,60.6,62.8,medium,p3
lead_02103,66.0,59.9,65.3,medium,p3
lead_02104,59.5,48.7,50.0,low,p3
lead_02105,36.6,59.7,46.6,low,p4
lead_02106,83.3,87.3,73.3,medium,p1
lead_02107,68.8,61.9,60.7,medium,p3
lead_02108,55.7,56.6,63.0,medium,p3
lead_02109,60.2,64.1,44.0,low,p4
lead_02110,77.5,79.3,68.1,medium,p2
lead_02111,58.8,66.1,58.0,low,p3
lead_02112,64.5,57.8,68.2,medium,p2
lead_02113,70.6,100.0,85.6,high,p1
lead_02114,69.6,44.3,63.0,medium,p3
lead_02115,85.5,31.8,50.9,low,p3
lead_02116,71.0,55.6,56.7,low,p3
lead_02117,86.1,63.1,69.4,medium,p2
lead_02118,48.9,72.2,47.3,low,p4
lead_02119,51.0,32.0,40.1,low,p4
lead_02120,76.1,71.3,66.4,medium,p3
lead_02121,65.5,59.7,65.2,medium,p3
lead_02122,64.2,5.0,40.6,low,p4
lead_02123,59.6,53.1,55.2,low,p3
lead_02124,46.1,59.3,54.8,low,p3
lead_02125,71.1,47.2,63.4,medium,p3
lead_02126,44.0,51.7,45.0,low,p4
lead_02127,81.1,64.2,77.7,medium,p2
lead_02128,62.1,64.4,59.9,low,p3
lead_02129,78.3,69.3,59.8,low,p3
lead_02130,83.3,67.2,75.0,medium,p2
lead_02131,74.3,41.1,41.2,low,p4
lead_02132,52.8,67.3,66.3,medium,p3
lead_02133,81.2,51.1,60.7,medium,p3
lead_02134,99.1,50.4,85.4,high,p1
lead_02135,84.3,100.0,88.4,high,p1
lead_02136,72.2,76.4,78.3,medium,p2
lead_02137,58.9,45.2,47.1,low,p4
lead_02138,66.2,92.3,74.1,medium,p1
lead_02139,72.3,96.7,84.4,high,p1
lead_02140,79.9,76.9,68.2,medium,p2
lead_02141,85.3,100.0,73.4,medium,p2
lead_02142,100.0,61.4,81.5,high,p2
lead_02143,59.1,61.9,55.6,low,p3
lead_02144,54.1,74.4,57.2,low,p3
lead_02145,61.7,55.4,47.1,low,p4
lead_02146,72.7,82.7,68.4,medium,p2
lead_02147,71.7,60.9,59.2,low,p3
lead_02148,58.2,88.1,59.9,low,p3
lead_02149,81.2,80.3,74.2,medium,p2
lead_02150,74.6,57.2,65.6,medium,p3
lead_02151,50.4,80.4,55.6,low,p3
lead_02152,57.3,75.2,66.5,medium,p3
lead_02153,54.5,71.6,52.2,low,p3
lead_02154,27.9,49.5,44.1,low,p4
lead_02155,76.8,60.4,70.5,medium,p2
lead_02156,80.3,85.2,69.5,medium,p2
lead_02157,64.6,60.2,51.1,low,p3
lead_02158,48.7,58.4,51.5,low,p3
lead_02159,66.2,48.0,53.0,low,p3
lead_02160,52.5,68.4,63.1,medium,p3
lead_02161,39.9,90.2,60.2,medium,p3
lead_02162,87.4,95.3,81.5,high,p1
lead_02163,71.2,40.4,55.3,low,p3
lead_02164,62.6,58.8,54.1,low,p3
lead_02165,64.1,91.6,67.1,medium,p1
lead_02166,68.7,73.4,63.4,medium,p3
lead_02167,99.0,66.3,77.5,medium,p2
lead_02168,52.1,60.3,53.0,low,p3
lead_02169,74.9,46.5,55.3,low,p3
lead_02170,83.5,95.1,89.9,high,p1
lead_02171,100.0,84.0,92.7,high,p1
lead_02172,86.5,96.8,93.6,high,p1
lead_02173,50.8,72.4,59.4,low,p3
lead_02174,55.3,31.1,31.8,low,p4
lead_02175,60.9,31.6,42.5,low,p4
lead_02176,90.0,63.5,74.8,medium,p2
lead_02177,43.0,68.4,56.2,low,p3
lead_02178,38.1,49.5,36.2,low,p4
lead_02179,75.1,68.0,65.2,medium,p3
lead_02180,66.2,70.8,65.9,medium,p3
lead_02181,59.1,46.6,50.0,low,p4
lead_02182,77.3,100.0,79.3,medium,p2
lead_02183,62.1,71.4,68.7,medium,p2
lead_02184,56.6,89.1,67.6,medium,p1
lead_02185,93.0,69.5,70.7,medium,p2
lead_02186,63.2,82.1,68.0,medium,p2
lead_02187,70.2,91.9,73.0,medium,p2
lead_02188,55.0,46.0,59.4,low,p3
lead_02189,40.9,66.1,55.1,low,p3
lead_02190,67.8,42.4,47.6,low,p4
lead_02191,75.3,51.0,47.9,low,p4
lead_02192,63.4,47.3,56.4,low,p3
lead_02193,65.2,60.5,58.4,low,p3
lead_02194,55.1,64.1,55.7,low,p3
lead_02195,42.0,75.8,52.6,low,p3
lead_02196,59.7,63.9,61.1,medium,p3
lead_02197,59.8,65.2,64.0,medium,p3
lead_02198,100.0,94.7,80.5,high,p2
lead_02199,75.0,69.2,72.7,medium,p2
lead_02200,44.9,53.4,39.5,low,p4
lead_02201,57.6,47.8,48.5,low,p4
lead_02202,41.4,80.7,59.6,low,p3
lead_02203,37.7,63.5,35.9,low,p4
lead_02204,76.8,92.1,78.6,medium,p2
lead_02205,68.1,62.0,60.1,medium,p3
lead_02206,64.5,82.7,74.2,medium,p2
lead_02207,71.6,66.1,57.3,low,p3
lead_02208,57.2,66.1,51.0,low,p3
lead_02209,62.3,77.5,68.7,medium,p2
lead_02210,65.1,29.4,55.4,low,p3
lead_02211,36.1,60.3,48.5,low,p4
lead_02212,71.0,35.0,45.4,low,p4
lead_02213,84.0,83.2,70.6,medium,p2
lead_02214,82.5,42.7,67.4,medium,p3
lead_02215,45.6,64.4,51.1,low,p3
lead_02216,74.2,67.4,64.4,medium,p3
lead_02217,76.0,100.0,85.9,high,p1
lead_02218,65.2,43.0,50.1,low,p3
lead_02219,67.5,47.1,57.4,low,p3
lead_02220,78.1,65.7,61.7,medium,p3
lead_02221,96.5,89.7,90.8,high,p1
lead_02222,88.9,74.2,80.1,high,p2
lead_02223,60.1,33.6,62.1,medium,p3
lead_02224,46.3,63.4,53.3,low,p3
lead_02225,73.2,56.4,60.0,low,p3
lead_02226,59.9,71.6,59.9,low,p3
lead_02227,67.0,41.2,63.3,medium,p3
lead_02228,87.5,77.8,74.6,medium,p2
lead_02229,43.9,78.5,56.9,low,p3
lead_02230,66.7,38.7,60.0,low,p3
lead_02231,70.6,61.5,65.3,medium,p3
lead_02232,90.4,49.9,77.6,medium,p2
lead_02233,83.8,57.3,63.3,medium,p3
lead_02234,79.8,61.8,69.8,medium,p2
lead_02235,58.4,45.0,51.1,low,p3
lead_02236,68.2,78.6,85.2,high,p1
lead_02237,80.2,81.7,91.7,high,p1
lead_02238,73.4,67.2,62.7,medium,p3
lead_02239,51.7,26.2,41.8,low,p4
lead_02240,53.3,95.2,71.3,medium,p2
lead_02241,78.8,69.2,82.1,high,p1
lead_02242,87.9,78.5,75.5,medium,p2
lead_02243,70.9,45.5,46.0,low,p4
lead_02244,73.0,79.9,67.8,medium,p3
lead_02245,63.7,55.5,61.7,medium,p3
lead_02246,81.3,53.3,58.0,low,p3
lead_02247,47.6,81.7,52.8,low,p3
