lead_id,sdr_id,conversion_status,is_mql,is_sql,is_opportunity,expected_sql_probability
lead_00001,sdr_02,disqualified,0,0,0,0.0675
lead_00002,sdr_01,nurture,0,0,0,0.2627
lead_00003,sdr_04,mql,1,0,0,0.2398
lead_00004,sdr_05,mql,1,0,0,0.2025
lead_00005,sdr_03,opportunity,1,1,1,0.1131
lead_00006,sdr_01,nurture,0,0,0,0.0906
lead_00007,sdr_01,mql,1,0,0,0.1418
lead_00008,sdr_02,mql,1,0,0,0.0846
lead_00009,sdr_03,mql,1,0,0,0.1684
lead_00010,sdr_02,nurture,0,0,0,0.0532
lead_00011,sdr_02,mql,1,0,0,0.0759
lead_00012,sdr_01,mql,1,0,0,0.2199
lead_00013,sdr_02,disqualified,0,0,0,0.0405
lead_00014,sdr_01,disqualified,0,0,0,0.3382
lead_00015,sdr_01,opportunity,1,1,1,0.1668
lead_00016,sdr_02,sql,1,1,0,0.0434
lead_00017,sdr_01,mql,1,0,0,0.0949
lead_00018,sdr_04,mql,1,0,0,0.214
lead_00019,sdr_02,disqualified,0,0,0,0.0781
lead_00020,sdr_05,disqualified,0,0,0,0.1962
lead_00021,sdr_02,mql,1,0,0,0.0691
lead_00022,sdr_01,mql,1,0,0,0.1228
lead_00023,sdr_05,mql,1,0,0,0.1463
lead_00024,sdr_01,mql,1,0,0,0.163
lead_00025,sdr_02,disqualified,0,0,0,0.0445
lead_00026,sdr_05,mql,1,0,0,0.1034
lead_00027,sdr_02,mql,1,0,0,0.0562
lead_00028,sdr_02,nurture,0,0,0,0.0714
lead_00029,sdr_01,nurture,0,0,0,0.1978
lead_00030,sdr_02,disqualified,0,0,0,0.0485
lead_00031,sdr_01,nurture,0,0,0,0.0998
lead_00032,sdr_01,nurture,0,0,0,0.0583
lead_00033,sdr_02,nurture,0,0,0,0.0719
lead_00034,sdr_01,mql,1,0,0,0.1136
lead_00035,sdr_03,mql,1,0,0,0.1374
lead_00036,sdr_02,mql,1,0,0,0.0594
lead_00037,sdr_02,mql,1,0,0,0.0501
lead_00038,sdr_01,opportunity,1,1,1,0.1326
lead_00039,sdr_05,disqualified,0,0,0,0.1071
lead_00040,sdr_04,mql,1,0,0,0.0621
lead_00041,sdr_02,disqualified,0,0,0,0.0409
lead_00042,sdr_05,mql,1,0,0,0.2282
lead_00043,sdr_05,nurture,0,0,0,0.1814
lead_00044,sdr_03,nurture,0,0,0,0.1225
lead_00045,sdr_01,mql,1,0,0,0.2027
lead_00046,sdr_04,disqualified,0,0,0,0.0589
lead_00047,sdr_02,sql,1,1,0,0.0468
lead_00048,sdr_01,mql,1,0,0,0.0874
lead_00049,sdr_05,mql,1,0,0,0.2048
lead_00050,sdr_01,disqualified,0,0,0,0.2727
lead_00051,sdr_05,disqualified,0,0,0,0.2434
lead_00052,sdr_02,mql,1,0,0,0.0374
lead_00053,sdr_05,opportunity,1,1,1,0.293
lead_00054,sdr_02,mql,1,0,0,0.0749
lead_00055,sdr_01,nurture,0,0,0,0.0609
lead_00056,sdr_01,nurture,0,0,0,0.1051
lead_00057,sdr_01,disqualified,0,0,0,0.2051
lead_00058,sdr_02,mql,1,0,0,0.0595
lead_00059,sdr_02,disqualified,0,0,0,0.0442
lead_00060,sdr_01,sql,1,1,0,0.1456
lead_00061,sdr_05,disqualified,0,0,0,0.1248
lead_00062,sdr_05,mql,1,0,0,0.2633
lead_00063,sdr_01,nurture,0,0,0,0.1473
lead_00064,sdr_03,mql,1,0,0,0.1323
lead_00065,sdr_01,nurture,0,0,0,0.1162
lead_00066,sdr_05,disqualified,0,0,0,0.1915
lead_00067,sdr_03,mql,1,0,0,0.1418
lead_00068,sdr_01,sql,1,1,0,0.1358
lead_00069,sdr_05,nurture,0,0,0,0.1954
lead_00070,sdr_05,nurture,0,0,0,0.2311
lead_00071,sdr_02,mql,1,0,0,0.063
lead_00072,sdr_03,disqualified,0,0,0,0.1838
lead_00073,sdr_02,mql,1,0,0,0.0933
lead_00074,sdr_05,mql,1,0,0,0.1936
lead_00075,sdr_01,mql,1,0,0,0.1568
lead_00076,sdr_05,opportunity,1,1,1,0.3047
lead_00077,sdr_02,disqualified,0,0,0,0.0352
lead_00078,sdr_02,mql,1,0,0,0.045
lead_00079,sdr_04,nurture,0,0,0,0.102
lead_00080,sdr_01,disqualified,0,0,0,0.0695
lead_00081,sdr_01,nurture,0,0,0,0.1916
lead_00082,sdr_05,disqualified,0,0,0,0.123
lead_00083,sdr_01,mql,1,0,0,0.0945
lead_00084,sdr_01,nurture,0,0,0,0.1606
lead_00085,sdr_05,mql,1,0,0,0.1295
lead_00086,sdr_01,mql,1,0,0,0.3289
lead_00087,sdr_04,nurture,0,0,0,0.1148
lead_00088,sdr_01,disqualified,0,0,0,0.0612
lead_00089,sdr_01,disqualified,0,0,0,0.1393
lead_00090,sdr_05,nurture,0,0,0,0.2008
lead_00091,sdr_01,mql,1,0,0,0.0554
lead_00092,sdr_01,nurture,0,0,0,0.0936
lead_00093,sdr_02,mql,1,0,0,0.0457
lead_00094,sdr_05,mql,1,0,0,0.1622
lead_00095,sdr_05,opportunity,1,1,1,0.1459
lead_00096,,disqualified,0,0,0,0.1688
lead_00097,sdr_03,disqualified,0,0,0,0.1093
lead_00098,sdr_01,mql,1,0,0,0.1251
lead_00099,sdr_02,mql,1,0,0,0.053
lead_00100,sdr_01,mql,1,0,0,0.2352
lead_00101,sdr_02,mql,1,0,0,0.0681
lead_00102,sdr_05,mql,1,0,0,0.0512
lead_00103,sdr_04,nurture,0,0,0,0.0837
lead_00104,sdr_02,mql,1,0,0,0.0649
lead_00105,sdr_02,mql,1,0,0,0.0469
lead_00106,sdr_02,mql,1,0,0,0.0589
lead_00107,sdr_01,sql,1,1,0,0.1419
lead_00108,sdr_05,nurture,0,0,0,0.0829
lead_00109,sdr_01,nurture,0,0,0,0.1507
lead_00110,sdr_02,mql,1,0,0,0.0827
lead_00111,sdr_03,mql,1,0,0,0.0999
lead_00112,sdr_02,nurture,0,0,0,0.0582
lead_00113,sdr_01,nurture,0,0,0,0.1421
lead_00114,sdr_02,disqualified,0,0,0,0.1122
lead_00115,sdr_05,mql,1,0,0,0.1251
lead_00116,sdr_04,mql,1,0,0,0.3078
lead_00117,sdr_02,mql,1,0,0,0.094
lead_00118,sdr_05,disqualified,0,0,0,0.1231
lead_00119,sdr_03,disqualified,0,0,0,0.1312
lead_00120,sdr_01,mql,1,0,0,0.136
lead_00121,sdr_05,nurture,0,0,0,0.0778
lead_00122,sdr_01,opportunity,1,1,1,0.2419
lead_00123,sdr_04,sql,1,1,0,0.262
lead_00124,sdr_01,disqualified,0,0,0,0.1401
lead_00125,sdr_04,nurture,0,0,0,0.1317
lead_00126,sdr_05,opportunity,1,1,1,0.1331
lead_00127,sdr_05,mql,1,0,0,0.21
lead_00128,sdr_02,disqualified,0,0,0,0.0967
lead_00129,sdr_02,mql,1,0,0,0.0509
lead_00130,sdr_01,nurture,0,0,0,0.1546
lead_00131,sdr_05,mql,1,0,0,0.1911
lead_00132,sdr_05,disqualified,0,0,0,0.3219
lead_00133,sdr_03,disqualified,0,0,0,0.1108
lead_00134,sdr_05,opportunity,1,1,1,0.2722
lead_00135,sdr_05,opportunity,1,1,1,0.25
lead_00136,sdr_05,mql,1,0,0,0.2564
lead_00137,sdr_02,nurture,0,0,0,0.1157
lead_00138,sdr_02,mql,1,0,0,0.0688
lead_00139,sdr_01,nurture,0,0,0,0.2603
lead_00140,sdr_03,nurture,0,0,0,0.1136
lead_00141,sdr_01,mql,1,0,0,0.1031
lead_00142,sdr_02,mql,1,0,0,0.0644
lead_00143,sdr_02,mql,1,0,0,0.0921
lead_00144,sdr_05,nurture,0,0,0,0.2023
lead_00145,sdr_02,opportunity,1,1,1,0.0606
lead_00146,sdr_01,nurture,0,0,0,0.1962
lead_00147,sdr_05,disqualified,0,0,0,0.1061
lead_00148,sdr_02,mql,1,0,0,0.0557
lead_00149,sdr_01,disqualified,0,0,0,0.161
lead_00150,sdr_02,disqualified,0,0,0,0.0568
lead_00151,sdr_01,sql,1,1,0,0.0828
lead_00152,sdr_05,mql,1,0,0,0.1797
lead_00153,sdr_01,mql,1,0,0,0.0687
lead_00154,sdr_02,mql,1,0,0,0.0605
lead_00155,sdr_02,mql,1,0,0,0.0431
lead_00156,sdr_04,mql,1,0,0,0.21
lead_00157,sdr_04,nurture,0,0,0,0.058
lead_00158,sdr_03,disqualified,0,0,0,0.1413
lead_00159,sdr_02,mql,1,0,0,0.052
lead_00160,sdr_01,disqualified,0,0,0,0.0594
lead_00161,sdr_02,mql,1,0,0,0.056
lead_00162,sdr_01,mql,1,0,0,0.0858
lead_00163,sdr_05,mql,1,0,0,0.0793
lead_00164,sdr_03,disqualified,0,0,0,0.1369
lead_00165,sdr_02,disqualified,0,0,0,0.063
lead_00166,sdr_02,disqualified,0,0,0,0.0718
lead_00167,sdr_02,nurture,0,0,0,0.0489
lead_00168,sdr_01,disqualified,0,0,0,0.1502
lead_00169,sdr_04,nurture,0,0,0,0.2095
lead_00170,sdr_02,disqualified,0,0,0,0.0531
lead_00171,sdr_05,mql,1,0,0,0.1812
lead_00172,sdr_04,mql,1,0,0,0.113
lead_00173,sdr_03,mql,1,0,0,0.0965
lead_00174,sdr_01,mql,1,0,0,0.0985
lead_00175,sdr_01,nurture,0,0,0,0.1012
lead_00176,sdr_04,nurture,0,0,0,0.1262
lead_00177,sdr_02,nurture,0,0,0,0.0546
lead_00178,sdr_01,mql,1,0,0,0.2379
lead_00179,sdr_05,sql,1,1,0,0.0754
lead_00180,sdr_01,disqualified,0,0,0,0.11
lead_00181,sdr_01,mql,1,0,0,0.0435
lead_00182,sdr_04,nurture,0,0,0,0.2441
lead_00183,sdr_02,disqualified,0,0,0,0.066
lead_00184,sdr_02,disqualified,0,0,0,0.0807
lead_00185,sdr_01,disqualified,0,0,0,0.0749
lead_00186,sdr_04,mql,1,0,0,0.3153
lead_00187,sdr_05,nurture,0,0,0,0.3877
lead_00188,sdr_05,disqualified,0,0,0,0.2082
lead_00189,sdr_05,mql,1,0,0,0.107
lead_00190,sdr_05,mql,1,0,0,0.0932
lead_00191,sdr_02,nurture,0,0,0,0.0501
lead_00192,sdr_01,mql,1,0,0,0.3208
lead_00193,sdr_05,mql,1,0,0,0.2949
lead_00194,sdr_03,mql,1,0,0,0.1356
lead_00195,sdr_02,opportunity,1,1,1,0.063
lead_00196,sdr_02,mql,1,0,0,0.0559
lead_00197,sdr_01,disqualified,0,0,0,0.1967
lead_00198,sdr_02,disqualified,0,0,0,0.0732
lead_00199,sdr_02,nurture,0,0,0,0.0514
lead_00200,sdr_05,mql,1,0,0,0.1834
lead_00201,sdr_01,mql,1,0,0,0.1507
lead_00202,sdr_05,opportunity,1,1,1,0.3021
lead_00203,sdr_04,opportunity,1,1,1,0.1927
lead_00204,sdr_01,nurture,0,0,0,0.0918
lead_00205,sdr_02,disqualified,0,0,0,0.0576
lead_00206,sdr_01,mql,1,0,0,0.1339
lead_00207,sdr_02,mql,1,0,0,0.0622
lead_00208,sdr_05,opportunity,1,1,1,0.2829
lead_00209,sdr_05,disqualified,0,0,0,0.154
lead_00210,sdr_02,mql,1,0,0,0.069
lead_00211,sdr_05,mql,1,0,0,0.1659
lead_00212,,nurture,0,0,0,0.0557
lead_00213,sdr_03,nurture,0,0,0,0.123
lead_00214,sdr_01,mql,1,0,0,0.1916
lead_00215,sdr_02,disqualified,0,0,0,0.0717
lead_00216,sdr_03,mql,1,0,0,0.112
lead_00217,sdr_02,nurture,0,0,0,0.0722
lead_00218,sdr_02,disqualified,0,0,0,0.0761
lead_00219,sdr_01,opportunity,1,1,1,0.0951
lead_00220,sdr_03,nurture,0,0,0,0.1214
lead_00221,sdr_05,opportunity,1,1,1,0.2882
lead_00222,sdr_02,disqualified,0,0,0,0.0764
lead_00223,sdr_04,disqualified,0,0,0,0.0462
lead_00224,sdr_05,mql,1,0,0,0.2469
lead_00225,sdr_01,mql,1,0,0,0.2714
lead_00226,sdr_02,nurture,0,0,0,0.0746
lead_00227,sdr_01,disqualified,0,0,0,0.1062
lead_00228,sdr_05,mql,1,0,0,0.2985
lead_00229,sdr_04,mql,1,0,0,0.0626
lead_00230,sdr_01,mql,1,0,0,0.236
lead_00231,sdr_03,mql,1,0,0,0.126
lead_00232,sdr_02,mql,1,0,0,0.0783
lead_00233,sdr_03,mql,1,0,0,0.1379
lead_00234,sdr_01,disqualified,0,0,0,0.1175
lead_00235,sdr_05,opportunity,1,1,1,0.2522
lead_00236,sdr_01,sql,1,1,0,0.1624
lead_00237,sdr_04,mql,1,0,0,0.1568
lead_00238,sdr_02,mql,1,0,0,0.0698
lead_00239,sdr_05,disqualified,0,0,0,0.225
lead_00240,sdr_05,mql,1,0,0,0.1126
lead_00241,sdr_01,mql,1,0,0,0.2694
lead_00242,sdr_02,mql,1,0,0,0.0515
lead_00243,sdr_01,opportunity,1,1,1,0.327
lead_00244,sdr_04,nurture,0,0,0,0.2188
lead_00245,sdr_04,mql,1,0,0,0.0751
lead_00246,sdr_02,disqualified,0,0,0,0.0468
lead_00247,sdr_05,mql,1,0,0,0.1149
lead_00248,sdr_03,nurture,0,0,0,0.1382
lead_00249,sdr_01,mql,1,0,0,0.3418
lead_00250,sdr_04,mql,1,0,0,0.0978
lead_00251,sdr_04,mql,1,0,0,0.1243
lead_00252,sdr_04,opportunity,1,1,1,0.3113
lead_00253,sdr_01,mql,1,0,0,0.2827
lead_00254,sdr_01,mql,1,0,0,0.3226
lead_00255,sdr_02,mql,1,0,0,0.0574
lead_00256,sdr_05,opportunity,1,1,1,0.1284
lead_00257,sdr_05,mql,1,0,0,0.1668
lead_00258,sdr_01,disqualified,0,0,0,0.1593
lead_00259,sdr_05,opportunity,1,1,1,0.3023
lead_00260,sdr_01,disqualified,0,0,0,0.1347
lead_00261,sdr_02,mql,1,0,0,0.0366
lead_00262,sdr_05,nurture,0,0,0,0.1484
lead_00263,sdr_04,sql,1,1,0,0.2743
lead_00264,sdr_01,nurture,0,0,0,0.1303
lead_00265,sdr_01,sql,1,1,0,0.187
lead_00266,sdr_01,mql,1,0,0,0.1116
lead_00267,sdr_01,opportunity,1,1,1,0.3201
lead_00268,sdr_02,mql,1,0,0,0.0653
lead_00269,sdr_02,disqualified,0,0,0,0.0519
lead_00270,sdr_02,mql,1,0,0,0.0456
lead_00271,sdr_01,mql,1,0,0,0.1221
lead_00272,sdr_05,opportunity,1,1,1,0.1667
lead_00273,sdr_01,mql,1,0,0,0.2052
lead_00274,sdr_01,nurture,0,0,0,0.2422
lead_00275,sdr_04,opportunity,1,1,1,0.3127
lead_00276,sdr_01,sql,1,1,0,0.1704
lead_00277,sdr_01,mql,1,0,0,0.1405
lead_00278,sdr_04,mql,1,0,0,0.086
lead_00279,sdr_01,mql,1,0,0,0.1252
lead_00280,sdr_01,sql,1,1,0,0.0818
lead_00281,sdr_02,nurture,0,0,0,0.0724
lead_00282,sdr_05,opportunity,1,1,1,0.2245
lead_00283,sdr_02,disqualified,0,0,0,0.0809
lead_00284,sdr_04,opportunity,1,1,1,0.1377
lead_00285,sdr_05,opportunity,1,1,1,0.2174
lead_00286,sdr_05,nurture,0,0,0,0.0606
lead_00287,sdr_05,mql,1,0,0,0.4326
lead_00288,sdr_05,mql,1,0,0,0.0847
lead_00289,sdr_03,sql,1,1,0,0.0818
lead_00290,sdr_04,nurture,0,0,0,0.1712
lead_00291,sdr_03,disqualified,0,0,0,0.1245
lead_00292,sdr_04,nurture,0,0,0,0.0654
lead_00293,sdr_05,mql,1,0,0,0.0775
lead_00294,sdr_05,mql,1,0,0,0.1146
lead_00295,,mql,1,0,0,0.0996
lead_00296,sdr_01,disqualified,0,0,0,0.1318
lead_00297,sdr_02,opportunity,1,1,1,0.0774
lead_00298,sdr_05,mql,1,0,0,0.2915
lead_00299,sdr_03,disqualified,0,0,0,0.1197
lead_00300,sdr_02,mql,1,0,0,0.0541
lead_00301,sdr_01,mql,1,0,0,0.2496
lead_00302,sdr_04,sql,1,1,0,0.0756
lead_00303,sdr_04,nurture,0,0,0,0.069
lead_00304,sdr_03,sql,1,1,0,0.1458
lead_00305,sdr_01,mql,1,0,0,0.1245
lead_00306,sdr_05,mql,1,0,0,0.0507
lead_00307,sdr_01,nurture,0,0,0,0.1786
lead_00308,sdr_04,mql,1,0,0,0.0814
lead_00309,sdr_01,mql,1,0,0,0.0699
lead_00310,sdr_01,mql,1,0,0,0.1252
lead_00311,sdr_02,nurture,0,0,0,0.0407
lead_00312,sdr_01,disqualified,0,0,0,0.3199
lead_00313,sdr_01,disqualified,0,0,0,0.1519
lead_00314,sdr_01,disqualified,0,0,0,0.1399
lead_00315,sdr_02,mql,1,0,0,0.0513
lead_00316,sdr_04,opportunity,1,1,1,0.3289
lead_00317,sdr_04,mql,1,0,0,0.1218
lead_00318,sdr_03,opportunity,1,1,1,0.1772
lead_00319,sdr_04,mql,1,0,0,0.0889
lead_00320,sdr_05,disqualified,0,0,0,0.1261
lead_00321,sdr_05,opportunity,1,1,1,0.2275
lead_00322,sdr_05,disqualified,0,0,0,0.132
lead_00323,sdr_01,mql,1,0,0,0.1689
lead_00324,sdr_05,nurture,0,0,0,0.1482
lead_00325,sdr_01,opportunity,1,1,1,0.1805
lead_00326,sdr_01,nurture,0,0,0,0.2737
lead_00327,sdr_03,disqualified,0,0,0,0.1502
lead_00328,sdr_05,nurture,0,0,0,0.1774
lead_00329,sdr_04,mql,1,0,0,0.0722
lead_00330,sdr_01,mql,1,0,0,0.074
lead_00331,sdr_01,nurture,0,0,0,0.0919
lead_00332,sdr_05,mql,1,0,0,0.2027
lead_00333,sdr_04,nurture,0,0,0,0.1369
lead_00334,sdr_01,nurture,0,0,0,0.1619
lead_00335,sdr_05,sql,1,1,0,0.2714
lead_00336,sdr_05,nurture,0,0,0,0.2866
lead_00337,sdr_01,mql,1,0,0,0.1775
lead_00338,sdr_02,sql,1,1,0,0.0639
lead_00339,sdr_01,sql,1,1,0,0.1427
lead_00340,sdr_05,disqualified,0,0,0,0.2634
lead_00341,sdr_05,mql,1,0,0,0.2168
lead_00342,sdr_02,disqualified,0,0,0,0.062
lead_00343,sdr_01,nurture,0,0,0,0.2231
lead_00344,sdr_03,disqualified,0,0,0,0.1075
lead_00345,sdr_04,nurture,0,0,0,0.0492
lead_00346,sdr_05,mql,1,0,0,0.3035
lead_00347,sdr_03,disqualified,0,0,0,0.1115
lead_00348,sdr_04,nurture,0,0,0,0.273
lead_00349,sdr_02,mql,1,0,0,0.1144
lead_00350,,mql,1,0,0,0.0649
lead_00351,sdr_01,nurture,0,0,0,0.163
lead_00352,sdr_02,disqualified,0,0,0,0.0467
lead_00353,sdr_01,disqualified,0,0,0,0.3123
lead_00354,sdr_02,nurture,0,0,0,0.0481
lead_00355,sdr_05,nurture,0,0,0,0.3471
lead_00356,sdr_05,mql,1,0,0,0.1759
lead_00357,sdr_03,mql,1,0,0,0.1349
lead_00358,sdr_04,mql,1,0,0,0.051
lead_00359,sdr_03,mql,1,0,0,0.1203
lead_00360,sdr_01,nurture,0,0,0,0.1517
lead_00361,sdr_01,opportunity,1,1,1,0.0695
lead_00362,sdr_05,mql,1,0,0,0.1973
lead_00363,sdr_04,disqualified,0,0,0,0.0763
lead_00364,sdr_03,disqualified,0,0,0,0.0913
lead_00365,sdr_04,opportunity,1,1,1,0.246
lead_00366,sdr_02,disqualified,0,0,0,0.0595
lead_00367,sdr_02,nurture,0,0,0,0.0668
lead_00368,sdr_03,nurture,0,0,0,0.1012
lead_00369,sdr_02,mql,1,0,0,0.0378
lead_00370,sdr_05,nurture,0,0,0,0.1141
lead_00371,sdr_04,disqualified,0,0,0,0.2188
lead_00372,sdr_03,mql,1,0,0,0.0948
lead_00373,sdr_01,mql,1,0,0,0.1415
lead_00374,sdr_01,mql,1,0,0,0.1132
lead_00375,sdr_01,mql,1,0,0,0.1877
lead_00376,sdr_01,mql,1,0,0,0.1073
lead_00377,sdr_02,sql,1,1,0,0.0434
lead_00378,sdr_01,nurture,0,0,0,0.1659
lead_00379,sdr_05,mql,1,0,0,0.094
lead_00380,sdr_02,opportunity,1,1,1,0.0973
lead_00381,sdr_01,nurture,0,0,0,0.1478
lead_00382,sdr_04,nurture,0,0,0,0.0568
lead_00383,sdr_03,sql,1,1,0,0.1283
lead_00384,sdr_01,opportunity,1,1,1,0.1909
lead_00385,sdr_01,opportunity,1,1,1,0.2899
lead_00386,sdr_02,nurture,0,0,0,0.042
lead_00387,sdr_05,nurture,0,0,0,0.2195
lead_00388,sdr_02,nurture,0,0,0,0.0536
lead_00389,sdr_05,nurture,0,0,0,0.1963
lead_00390,sdr_01,mql,1,0,0,0.1492
lead_00391,sdr_01,mql,1,0,0,0.2004
lead_00392,sdr_01,disqualified,0,0,0,0.195
lead_00393,sdr_01,opportunity,1,1,1,0.3405
lead_00394,sdr_05,sql,1,1,0,0.2501
lead_00395,sdr_02,mql,1,0,0,0.0668
lead_00396,sdr_01,mql,1,0,0,0.1829
lead_00397,sdr_01,mql,1,0,0,0.3348
lead_00398,sdr_01,opportunity,1,1,1,0.1733
lead_00399,sdr_05,opportunity,1,1,1,0.2713
lead_00400,sdr_03,mql,1,0,0,0.1356
lead_00401,sdr_01,mql,1,0,0,0.1414
lead_00402,sdr_03,mql,1,0,0,0.1493
lead_00403,sdr_03,disqualified,0,0,0,0.1124
lead_00404,sdr_01,sql,1,1,0,0.1533
lead_00405,sdr_04,mql,1,0,0,0.0846
lead_00406,sdr_04,mql,1,0,0,0.0856
lead_00407,sdr_01,nurture,0,0,0,0.2634
lead_00408,,mql,1,0,0,0.1447
lead_00409,sdr_04,nurture,0,0,0,0.0993
lead_00410,sdr_02,nurture,0,0,0,0.0389
lead_00411,sdr_02,disqualified,0,0,0,0.0396
lead_00412,sdr_02,mql,1,0,0,0.0544
lead_00413,sdr_01,mql,1,0,0,0.2092
lead_00414,sdr_01,nurture,0,0,0,0.3078
lead_00415,sdr_05,mql,1,0,0,0.0845
lead_00416,sdr_01,mql,1,0,0,0.2761
lead_00417,sdr_01,disqualified,0,0,0,0.0947
lead_00418,sdr_03,mql,1,0,0,0.1005
lead_00419,sdr_01,nurture,0,0,0,0.1563
lead_00420,sdr_01,disqualified,0,0,0,0.3701
lead_00421,sdr_02,mql,1,0,0,0.0598
lead_00422,sdr_04,mql,1,0,0,0.0949
lead_00423,sdr_01,mql,1,0,0,0.145
lead_00424,sdr_02,mql,1,0,0,0.0519
lead_00425,sdr_05,mql,1,0,0,0.0819
lead_00426,sdr_04,mql,1,0,0,0.098
lead_00427,sdr_03,mql,1,0,0,0.1823
lead_00428,sdr_04,opportunity,1,1,1,0.0877
lead_00429,sdr_05,mql,1,0,0,0.2347
lead_00430,sdr_03,disqualified,0,0,0,0.1586
lead_00431,sdr_05,nurture,0,0,0,0.1578
lead_00432,sdr_02,opportunity,1,1,1,0.1139
lead_00433,sdr_02,mql,1,0,0,0.0523
lead_00434,sdr_04,disqualified,0,0,0,0.1705
lead_00435,sdr_03,opportunity,1,1,1,0.1709
lead_00436,sdr_02,nurture,0,0,0,0.0386
lead_00437,sdr_04,mql,1,0,0,0.0577
lead_00438,sdr_01,sql,1,1,0,0.3263
lead_00439,sdr_05,mql,1,0,0,0.3061
lead_00440,sdr_02,disqualified,0,0,0,0.0633
lead_00441,sdr_01,disqualified,0,0,0,0.1308
lead_00442,sdr_02,nurture,0,0,0,0.0716
lead_00443,sdr_01,disqualified,0,0,0,0.1976
lead_00444,sdr_02,sql,1,1,0,0.0671
lead_00445,sdr_05,mql,1,0,0,0.1465
lead_00446,sdr_04,mql,1,0,0,0.1092
lead_00447,sdr_05,disqualified,0,0,0,0.2748
lead_00448,sdr_01,disqualified,0,0,0,0.1104
lead_00449,sdr_01,nurture,0,0,0,0.0866
lead_00450,sdr_03,mql,1,0,0,0.136
lead_00451,sdr_02,disqualified,0,0,0,0.0729
lead_00452,sdr_04,disqualified,0,0,0,0.1102
lead_00453,sdr_04,disqualified,0,0,0,0.1923
lead_00454,sdr_01,disqualified,0,0,0,0.104
lead_00455,sdr_05,mql,1,0,0,0.1086
lead_00456,sdr_05,nurture,0,0,0,0.0733
lead_00457,sdr_01,mql,1,0,0,0.1651
lead_00458,sdr_05,mql,1,0,0,0.2976
lead_00459,sdr_01,mql,1,0,0,0.1503
lead_00460,sdr_02,mql,1,0,0,0.0762
lead_00461,sdr_01,nurture,0,0,0,0.0958
lead_00462,sdr_05,mql,1,0,0,0.2384
lead_00463,sdr_02,mql,1,0,0,0.0836
lead_00464,sdr_05,mql,1,0,0,0.1035
lead_00465,sdr_01,nurture,0,0,0,0.0791
lead_00466,sdr_01,mql,1,0,0,0.1244
lead_00467,sdr_04,mql,1,0,0,0.1392
lead_00468,sdr_05,mql,1,0,0,0.0753
lead_00469,sdr_01,disqualified,0,0,0,0.2149
lead_00470,sdr_01,sql,1,1,0,0.1669
lead_00471,sdr_01,nurture,0,0,0,0.229
lead_00472,sdr_05,mql,1,0,0,0.0792
lead_00473,sdr_01,nurture,0,0,0,0.2385
lead_00474,sdr_01,nurture,0,0,0,0.1379
lead_00475,sdr_03,mql,1,0,0,0.1081
lead_00476,sdr_05,disqualified,0,0,0,0.0932
lead_00477,sdr_05,nurture,0,0,0,0.2578
lead_00478,sdr_02,disqualified,0,0,0,0.0541
lead_00479,sdr_01,opportunity,1,1,1,0.2522
lead_00480,sdr_02,mql,1,0,0,0.0481
lead_00481,sdr_04,disqualified,0,0,0,0.0647
lead_00482,sdr_01,nurture,0,0,0,0.0982
lead_00483,sdr_05,disqualified,0,0,0,0.2362
lead_00484,sdr_05,nurture,0,0,0,0.1806
lead_00485,sdr_02,disqualified,0,0,0,0.0482
lead_00486,sdr_02,mql,1,0,0,0.0362
lead_00487,sdr_02,mql,1,0,0,0.0493
lead_00488,sdr_05,mql,1,0,0,0.295
lead_00489,sdr_01,nurture,0,0,0,0.1374
lead_00490,sdr_01,nurture,0,0,0,0.1173
lead_00491,sdr_02,mql,1,0,0,0.0236
lead_00492,sdr_05,mql,1,0,0,0.0853
lead_00493,,disqualified,0,0,0,0.0671
lead_00494,sdr_02,sql,1,1,0,0.057
lead_00495,sdr_01,mql,1,0,0,0.2368
lead_00496,sdr_02,nurture,0,0,0,0.0317
lead_00497,sdr_04,sql,1,1,0,0.1045
lead_00498,sdr_02,mql,1,0,0,0.0675
lead_00499,sdr_01,sql,1,1,0,0.1531
lead_00500,sdr_01,mql,1,0,0,0.2562
lead_00501,sdr_02,mql,1,0,0,0.0618
lead_00502,sdr_02,nurture,0,0,0,0.0488
lead_00503,sdr_01,sql,1,1,0,0.0849
lead_00504,sdr_02,mql,1,0,0,0.0944
lead_00505,sdr_05,mql,1,0,0,0.1204
lead_00506,sdr_01,disqualified,0,0,0,0.2442
lead_00507,sdr_03,nurture,0,0,0,0.1409
lead_00508,sdr_05,disqualified,0,0,0,0.0732
lead_00509,sdr_05,mql,1,0,0,0.2285
lead_00510,sdr_01,disqualified,0,0,0,0.0801
lead_00511,sdr_01,nurture,0,0,0,0.2869
lead_00512,sdr_01,disqualified,0,0,0,0.0353
lead_00513,sdr_03,disqualified,0,0,0,0.1818
lead_00514,sdr_01,sql,1,1,0,0.0789
lead_00515,sdr_03,mql,1,0,0,0.125
lead_00516,sdr_01,nurture,0,0,0,0.1426
lead_00517,sdr_03,mql,1,0,0,0.1052
lead_00518,sdr_01,sql,1,1,0,0.1647
lead_00519,sdr_04,disqualified,0,0,0,0.3235
lead_00520,sdr_01,opportunity,1,1,1,0.1052
lead_00521,sdr_01,sql,1,1,0,0.1173
lead_00522,sdr_05,nurture,0,0,0,0.2863
lead_00523,sdr_02,mql,1,0,0,0.0748
lead_00524,sdr_01,disqualified,0,0,0,0.2107
lead_00525,sdr_02,mql,1,0,0,0.0682
lead_00526,sdr_05,sql,1,1,0,0.3742
lead_00527,sdr_02,mql,1,0,0,0.0537
lead_00528,sdr_02,mql,1,0,0,0.0685
lead_00529,sdr_02,mql,1,0,0,0.0437
lead_00530,sdr_02,mql,1,0,0,0.063
lead_00531,sdr_05,sql,1,1,0,0.2846
lead_00532,sdr_03,nurture,0,0,0,0.1517
lead_00533,sdr_01,mql,1,0,0,0.1413
lead_00534,sdr_01,nurture,0,0,0,0.0514
lead_00535,sdr_01,mql,1,0,0,0.1246
lead_00536,sdr_02,mql,1,0,0,0.0629
lead_00537,sdr_01,nurture,0,0,0,0.255
lead_00538,sdr_01,mql,1,0,0,0.1043
lead_00539,sdr_02,mql,1,0,0,0.0661
lead_00540,sdr_03,nurture,0,0,0,0.1047
lead_00541,sdr_05,disqualified,0,0,0,0.2942
lead_00542,sdr_02,mql,1,0,0,0.0553
lead_00543,sdr_05,mql,1,0,0,0.1639
lead_00544,sdr_01,nurture,0,0,0,0.0755
lead_00545,sdr_02,mql,1,0,0,0.0696
lead_00546,sdr_01,mql,1,0,0,0.171
lead_00547,sdr_03,mql,1,0,0,0.1117
lead_00548,sdr_03,nurture,0,0,0,0.1427
lead_00549,sdr_01,opportunity,1,1,1,0.1815
lead_00550,sdr_05,disqualified,0,0,0,0.253
lead_00551,sdr_03,opportunity,1,1,1,0.1461
lead_00552,,mql,1,0,0,0.1095
lead_00553,sdr_02,mql,1,0,0,0.0301
lead_00554,sdr_03,mql,1,0,0,0.1203
lead_00555,sdr_01,disqualified,0,0,0,0.2277
lead_00556,sdr_01,nurture,0,0,0,0.1966
lead_00557,sdr_05,nurture,0,0,0,0.2446
lead_00558,sdr_05,nurture,0,0,0,0.2675
lead_00559,sdr_01,mql,1,0,0,0.2225
lead_00560,sdr_04,mql,1,0,0,0.053
lead_00561,sdr_04,mql,1,0,0,0.2016
lead_00562,sdr_02,mql,1,0,0,0.0886
lead_00563,sdr_01,sql,1,1,0,0.1576
lead_00564,sdr_01,mql,1,0,0,0.1758
lead_00565,sdr_02,mql,1,0,0,0.1116
lead_00566,sdr_01,nurture,0,0,0,0.1376
lead_00567,sdr_01,nurture,0,0,0,0.1003
lead_00568,sdr_02,disqualified,0,0,0,0.0619
lead_00569,sdr_02,mql,1,0,0,0.1094
lead_00570,sdr_04,nurture,0,0,0,0.0639
lead_00571,sdr_02,disqualified,0,0,0,0.1051
lead_00572,sdr_03,mql,1,0,0,0.1083
lead_00573,sdr_05,disqualified,0,0,0,0.0853
lead_00574,sdr_05,mql,1,0,0,0.2325
lead_00575,sdr_05,mql,1,0,0,0.1131
lead_00576,sdr_01,nurture,0,0,0,0.2072
lead_00577,sdr_04,nurture,0,0,0,0.0713
lead_00578,sdr_02,nurture,0,0,0,0.0476
lead_00579,sdr_05,nurture,0,0,0,0.1562
lead_00580,sdr_02,mql,1,0,0,0.112
lead_00581,sdr_03,disqualified,0,0,0,0.0916
lead_00582,sdr_02,disqualified,0,0,0,0.0414
lead_00583,sdr_01,nurture,0,0,0,0.1112
lead_00584,,mql,1,0,0,0.0498
lead_00585,sdr_01,disqualified,0,0,0,0.0997
lead_00586,sdr_02,disqualified,0,0,0,0.0983
lead_00587,sdr_05,mql,1,0,0,0.2254
lead_00588,sdr_01,nurture,0,0,0,0.0937
lead_00589,sdr_01,disqualified,0,0,0,0.1696
lead_00590,sdr_01,sql,1,1,0,0.1593
lead_00591,sdr_05,nurture,0,0,0,0.231
lead_00592,sdr_05,sql,1,1,0,0.3107
lead_00593,sdr_03,nurture,0,0,0,0.1636
lead_00594,sdr_04,mql,1,0,0,0.251
lead_00595,sdr_04,disqualified,0,0,0,0.2987
lead_00596,,nurture,0,0,0,0.1722
lead_00597,sdr_04,mql,1,0,0,0.1315
lead_00598,sdr_05,nurture,0,0,0,0.3353
lead_00599,sdr_01,nurture,0,0,0,0.1727
lead_00600,sdr_01,mql,1,0,0,0.1122
lead_00601,sdr_01,sql,1,1,0,0.1484
lead_00602,sdr_01,mql,1,0,0,0.0597
lead_00603,sdr_05,mql,1,0,0,0.1874
lead_00604,sdr_05,mql,1,0,0,0.2788
lead_00605,sdr_05,nurture,0,0,0,0.0747
lead_00606,sdr_02,disqualified,0,0,0,0.118
lead_00607,sdr_05,mql,1,0,0,0.2715
lead_00608,sdr_03,nurture,0,0,0,0.144
lead_00609,sdr_05,mql,1,0,0,0.0987
lead_00610,sdr_01,disqualified,0,0,0,0.1599
lead_00611,sdr_01,mql,1,0,0,0.0493
lead_00612,sdr_05,nurture,0,0,0,0.2798
lead_00613,sdr_05,nurture,0,0,0,0.0607
lead_00614,sdr_05,opportunity,1,1,1,0.2005
lead_00615,sdr_01,opportunity,1,1,1,0.3064
lead_00616,sdr_02,mql,1,0,0,0.0395
lead_00617,sdr_04,nurture,0,0,0,0.3161
lead_00618,sdr_02,disqualified,0,0,0,0.0656
lead_00619,sdr_02,mql,1,0,0,0.0476
lead_00620,sdr_05,mql,1,0,0,0.1503
lead_00621,sdr_02,nurture,0,0,0,0.0349
lead_00622,sdr_04,mql,1,0,0,0.0582
lead_00623,sdr_02,mql,1,0,0,0.0398
lead_00624,sdr_02,disqualified,0,0,0,0.0461
lead_00625,sdr_03,mql,1,0,0,0.1192
lead_00626,sdr_02,nurture,0,0,0,0.0619
lead_00627,sdr_05,mql,1,0,0,0.1493
lead_00628,sdr_03,disqualified,0,0,0,0.0695
lead_00629,sdr_02,nurture,0,0,0,0.0371
lead_00630,sdr_02,nurture,0,0,0,0.0661
lead_00631,sdr_01,mql,1,0,0,0.1533
lead_00632,sdr_01,disqualified,0,0,0,0.2078
lead_00633,sdr_03,disqualified,0,0,0,0.1406
lead_00634,sdr_05,sql,1,1,0,0.1223
lead_00635,sdr_02,mql,1,0,0,0.0944
lead_00636,sdr_01,opportunity,1,1,1,0.3744
lead_00637,sdr_02,disqualified,0,0,0,0.0382
lead_00638,sdr_05,mql,1,0,0,0.1826
lead_00639,sdr_01,disqualified,0,0,0,0.0768
lead_00640,sdr_03,opportunity,1,1,1,0.1478
lead_00641,sdr_02,mql,1,0,0,0.0576
lead_00642,sdr_01,nurture,0,0,0,0.0635
lead_00643,sdr_01,nurture,0,0,0,0.1482
lead_00644,sdr_02,disqualified,0,0,0,0.0586
lead_00645,sdr_05,mql,1,0,0,0.1847
lead_00646,sdr_01,disqualified,0,0,0,0.0494
lead_00647,sdr_03,mql,1,0,0,0.1534
lead_00648,sdr_03,sql,1,1,0,0.1048
lead_00649,sdr_02,nurture,0,0,0,0.0695
lead_00650,sdr_05,opportunity,1,1,1,0.2314
lead_00651,sdr_05,mql,1,0,0,0.1874
lead_00652,sdr_01,sql,1,1,0,0.1623
lead_00653,sdr_01,disqualified,0,0,0,0.1756
lead_00654,sdr_02,sql,1,1,0,0.0472
lead_00655,sdr_05,opportunity,1,1,1,0.1124
lead_00656,sdr_02,mql,1,0,0,0.0377
lead_00657,sdr_01,nurture,0,0,0,0.1474
lead_00658,sdr_02,disqualified,0,0,0,0.0627
lead_00659,sdr_02,opportunity,1,1,1,0.0688
lead_00660,sdr_03,mql,1,0,0,0.0996
lead_00661,sdr_01,mql,1,0,0,0.1426
lead_00662,sdr_01,mql,1,0,0,0.0892
lead_00663,sdr_05,nurture,0,0,0,0.1958
lead_00664,sdr_02,mql,1,0,0,0.0446
lead_00665,sdr_02,nurture,0,0,0,0.0563
lead_00666,sdr_02,disqualified,0,0,0,0.0599
lead_00667,sdr_05,disqualified,0,0,0,0.2056
lead_00668,sdr_01,opportunity,1,1,1,0.2476
lead_00669,sdr_01,mql,1,0,0,0.2491
lead_00670,sdr_04,mql,1,0,0,0.0826
lead_00671,sdr_01,nurture,0,0,0,0.0737
lead_00672,sdr_03,mql,1,0,0,0.1265
lead_00673,sdr_05,sql,1,1,0,0.0925
lead_00674,sdr_02,nurture,0,0,0,0.0565
lead_00675,sdr_02,nurture,0,0,0,0.0907
lead_00676,sdr_01,nurture,0,0,0,0.222
lead_00677,sdr_05,mql,1,0,0,0.1975
lead_00678,sdr_01,sql,1,1,0,0.1401
lead_00679,sdr_01,nurture,0,0,0,0.1551
lead_00680,sdr_05,disqualified,0,0,0,0.2003
lead_00681,sdr_01,mql,1,0,0,0.2311
lead_00682,sdr_02,mql,1,0,0,0.052
lead_00683,sdr_02,nurture,0,0,0,0.0435
lead_00684,sdr_05,nurture,0,0,0,0.1294
lead_00685,sdr_01,mql,1,0,0,0.2511
lead_00686,sdr_05,mql,1,0,0,0.08
lead_00687,sdr_05,nurture,0,0,0,0.2252
lead_00688,sdr_05,nurture,0,0,0,0.184
lead_00689,sdr_02,opportunity,1,1,1,0.0576
lead_00690,sdr_05,mql,1,0,0,0.078
lead_00691,sdr_01,disqualified,0,0,0,0.1033
lead_00692,sdr_03,mql,1,0,0,0.1162
lead_00693,sdr_01,mql,1,0,0,0.1466
lead_00694,sdr_04,mql,1,0,0,0.2979
lead_00695,sdr_01,disqualified,0,0,0,0.1845
lead_00696,sdr_04,disqualified,0,0,0,0.0513
lead_00697,sdr_02,nurture,0,0,0,0.0657
lead_00698,sdr_02,nurture,0,0,0,0.038
lead_00699,sdr_01,disqualified,0,0,0,0.1532
lead_00700,sdr_01,mql,1,0,0,0.3836
lead_00701,sdr_04,mql,1,0,0,0.2964
lead_00702,sdr_02,mql,1,0,0,0.0774
lead_00703,sdr_02,mql,1,0,0,0.0606
lead_00704,sdr_05,sql,1,1,0,0.2535
lead_00705,sdr_02,nurture,0,0,0,0.0855
lead_00706,sdr_04,mql,1,0,0,0.0683
lead_00707,sdr_05,disqualified,0,0,0,0.0751
lead_00708,sdr_02,disqualified,0,0,0,0.0787
lead_00709,sdr_05,mql,1,0,0,0.0672
lead_00710,sdr_01,opportunity,1,1,1,0.3586
lead_00711,sdr_01,mql,1,0,0,0.0919
lead_00712,sdr_01,nurture,0,0,0,0.2825
lead_00713,sdr_03,mql,1,0,0,0.157
lead_00714,sdr_01,sql,1,1,0,0.1396
lead_00715,sdr_01,disqualified,0,0,0,0.0838
lead_00716,sdr_01,nurture,0,0,0,0.0923
lead_00717,sdr_01,disqualified,0,0,0,0.177
lead_00718,sdr_04,disqualified,0,0,0,0.0805
lead_00719,sdr_01,nurture,0,0,0,0.0886
lead_00720,sdr_05,nurture,0,0,0,0.1291
lead_00721,sdr_02,disqualified,0,0,0,0.0379
lead_00722,sdr_04,nurture,0,0,0,0.2394
lead_00723,sdr_03,nurture,0,0,0,0.1
lead_00724,sdr_05,nurture,0,0,0,0.1812
lead_00725,sdr_02,mql,1,0,0,0.0369
lead_00726,sdr_01,mql,1,0,0,0.2169
lead_00727,sdr_01,mql,1,0,0,0.2021
lead_00728,sdr_04,mql,1,0,0,0.0753
lead_00729,sdr_01,nurture,0,0,0,0.2206
lead_00730,sdr_01,mql,1,0,0,0.079
lead_00731,sdr_01,mql,1,0,0,0.0865
lead_00732,sdr_03,nurture,0,0,0,0.1431
lead_00733,sdr_01,mql,1,0,0,0.1115
lead_00734,sdr_03,mql,1,0,0,0.1419
lead_00735,sdr_02,mql,1,0,0,0.043
lead_00736,sdr_01,disqualified,0,0,0,0.3345
lead_00737,sdr_01,sql,1,1,0,0.1197
lead_00738,sdr_02,mql,1,0,0,0.0614
lead_00739,sdr_05,mql,1,0,0,0.1413
lead_00740,sdr_01,disqualified,0,0,0,0.0818
lead_00741,sdr_02,mql,1,0,0,0.0383
lead_00742,sdr_02,mql,1,0,0,0.0383
lead_00743,sdr_01,mql,1,0,0,0.317
lead_00744,sdr_01,nurture,0,0,0,0.0741
lead_00745,sdr_01,mql,1,0,0,0.1898
lead_00746,sdr_02,mql,1,0,0,0.0538
lead_00747,sdr_01,mql,1,0,0,0.1289
lead_00748,sdr_02,mql,1,0,0,0.0577
lead_00749,sdr_01,mql,1,0,0,0.104
lead_00750,sdr_01,disqualified,0,0,0,0.0557
lead_00751,sdr_01,mql,1,0,0,0.162
lead_00752,sdr_01,mql,1,0,0,0.061
lead_00753,sdr_05,disqualified,0,0,0,0.2466
lead_00754,sdr_02,nurture,0,0,0,0.0502
lead_00755,sdr_01,opportunity,1,1,1,0.3274
lead_00756,sdr_03,sql,1,1,0,0.1441
lead_00757,sdr_01,mql,1,0,0,0.0885
lead_00758,sdr_05,mql,1,0,0,0.126
lead_00759,sdr_04,nurture,0,0,0,0.0609
lead_00760,sdr_02,disqualified,0,0,0,0.056
lead_00761,sdr_05,nurture,0,0,0,0.3184
lead_00762,sdr_02,disqualified,0,0,0,0.0567
lead_00763,sdr_02,nurture,0,0,0,0.057
lead_00764,sdr_05,mql,1,0,0,0.1032
lead_00765,sdr_01,disqualified,0,0,0,0.1633
lead_00766,sdr_03,mql,1,0,0,0.1625
lead_00767,sdr_02,nurture,0,0,0,0.0395
lead_00768,sdr_01,nurture,0,0,0,0.1486
lead_00769,sdr_01,nurture,0,0,0,0.3353
lead_00770,sdr_04,disqualified,0,0,0,0.1046
lead_00771,sdr_05,nurture,0,0,0,0.1241
lead_00772,sdr_02,mql,1,0,0,0.056
lead_00773,sdr_05,mql,1,0,0,0.2185
lead_00774,sdr_01,disqualified,0,0,0,0.1371
lead_00775,sdr_02,disqualified,0,0,0,0.0505
lead_00776,sdr_05,mql,1,0,0,0.1279
lead_00777,sdr_01,nurture,0,0,0,0.1397
lead_00778,sdr_03,mql,1,0,0,0.0933
lead_00779,sdr_05,mql,1,0,0,0.1816
lead_00780,sdr_04,mql,1,0,0,0.0761
lead_00781,sdr_02,disqualified,0,0,0,0.0473
lead_00782,sdr_03,mql,1,0,0,0.0632
lead_00783,sdr_01,disqualified,0,0,0,0.2781
lead_00784,sdr_02,nurture,0,0,0,0.0479
lead_00785,sdr_01,nurture,0,0,0,0.1013
lead_00786,sdr_02,nurture,0,0,0,0.0817
lead_00787,sdr_01,disqualified,0,0,0,0.149
lead_00788,sdr_01,disqualified,0,0,0,0.1197
lead_00789,sdr_05,opportunity,1,1,1,0.1984
lead_00790,sdr_05,mql,1,0,0,0.1709
lead_00791,sdr_05,nurture,0,0,0,0.0957
lead_00792,sdr_02,mql,1,0,0,0.0586
lead_00793,sdr_04,nurture,0,0,0,0.0875
lead_00794,sdr_05,mql,1,0,0,0.124
lead_00795,sdr_02,disqualified,0,0,0,0.0438
lead_00796,sdr_01,opportunity,1,1,1,0.214
lead_00797,sdr_04,nurture,0,0,0,0.0455
lead_00798,sdr_01,nurture,0,0,0,0.1045
lead_00799,sdr_05,disqualified,0,0,0,0.2834
lead_00800,sdr_01,mql,1,0,0,0.1967
lead_00801,sdr_01,disqualified,0,0,0,0.1829
lead_00802,sdr_01,mql,1,0,0,0.1646
lead_00803,sdr_05,mql,1,0,0,0.2761
lead_00804,sdr_01,sql,1,1,0,0.0936
lead_00805,sdr_01,sql,1,1,0,0.089
lead_00806,sdr_01,disqualified,0,0,0,0.1445
lead_00807,sdr_05,disqualified,0,0,0,0.0837
lead_00808,sdr_01,mql,1,0,0,0.276
lead_00809,sdr_03,mql,1,0,0,0.1398
lead_00810,sdr_01,disqualified,0,0,0,0.413
lead_00811,sdr_04,disqualified,0,0,0,0.0849
lead_00812,sdr_01,mql,1,0,0,0.0955
lead_00813,sdr_01,opportunity,1,1,1,0.214
lead_00814,sdr_05,mql,1,0,0,0.0971
lead_00815,sdr_05,mql,1,0,0,0.2662
lead_00816,sdr_04,mql,1,0,0,0.0435
lead_00817,sdr_02,mql,1,0,0,0.1043
lead_00818,sdr_01,mql,1,0,0,0.0702
lead_00819,sdr_02,mql,1,0,0,0.0318
lead_00820,sdr_02,disqualified,0,0,0,0.0479
lead_00821,sdr_01,mql,1,0,0,0.1819
lead_00822,sdr_02,mql,1,0,0,0.0523
lead_00823,sdr_02,mql,1,0,0,0.0826
lead_00824,sdr_01,mql,1,0,0,0.1927
lead_00825,sdr_02,disqualified,0,0,0,0.0598
lead_00826,sdr_01,mql,1,0,0,0.2059
lead_00827,sdr_04,mql,1,0,0,0.1249
lead_00828,sdr_02,disqualified,0,0,0,0.0671
lead_00829,sdr_02,mql,1,0,0,0.1042
lead_00830,sdr_05,disqualified,0,0,0,0.2575
lead_00831,sdr_02,mql,1,0,0,0.0459
lead_00832,sdr_02,nurture,0,0,0,0.0877
lead_00833,sdr_03,sql,1,1,0,0.1306
lead_00834,sdr_01,mql,1,0,0,0.1339
lead_00835,sdr_04,mql,1,0,0,0.1127
lead_00836,sdr_02,mql,1,0,0,0.044
lead_00837,sdr_02,mql,1,0,0,0.0756
lead_00838,sdr_01,disqualified,0,0,0,0.0494
lead_00839,sdr_05,nurture,0,0,0,0.1388
lead_00840,sdr_04,disqualified,0,0,0,0.1241
lead_00841,sdr_02,disqualified,0,0,0,0.0602
lead_00842,sdr_02,mql,1,0,0,0.0603
lead_00843,sdr_05,mql,1,0,0,0.2524
lead_00844,sdr_05,mql,1,0,0,0.1206
lead_00845,sdr_05,disqualified,0,0,0,0.2348
lead_00846,sdr_01,mql,1,0,0,0.1026
lead_00847,sdr_04,opportunity,1,1,1,0.2158
lead_00848,sdr_05,mql,1,0,0,0.2129
lead_00849,sdr_05,disqualified,0,0,0,0.0646
lead_00850,sdr_05,opportunity,1,1,1,0.2673
lead_00851,sdr_01,nurture,0,0,0,0.0756
lead_00852,sdr_01,mql,1,0,0,0.1533
lead_00853,sdr_04,mql,1,0,0,0.0768
lead_00854,sdr_02,mql,1,0,0,0.0479
lead_00855,sdr_01,nurture,0,0,0,0.1522
lead_00856,sdr_02,disqualified,0,0,0,0.0555
lead_00857,sdr_02,mql,1,0,0,0.0559
lead_00858,sdr_01,mql,1,0,0,0.1015
lead_00859,sdr_01,disqualified,0,0,0,0.1855
lead_00860,sdr_05,mql,1,0,0,0.0949
lead_00861,sdr_01,nurture,0,0,0,0.3053
lead_00862,sdr_04,mql,1,0,0,0.0961
lead_00863,sdr_01,disqualified,0,0,0,0.1879
lead_00864,sdr_01,mql,1,0,0,0.3287
lead_00865,sdr_04,nurture,0,0,0,0.2487
lead_00866,sdr_01,disqualified,0,0,0,0.0908
lead_00867,sdr_01,mql,1,0,0,0.2754
lead_00868,sdr_01,disqualified,0,0,0,0.2214
lead_00869,sdr_05,nurture,0,0,0,0.2022
lead_00870,sdr_02,disqualified,0,0,0,0.0424
lead_00871,sdr_01,mql,1,0,0,0.0655
lead_00872,sdr_04,mql,1,0,0,0.0769
lead_00873,sdr_05,disqualified,0,0,0,0.2988
lead_00874,sdr_02,mql,1,0,0,0.0301
lead_00875,sdr_02,disqualified,0,0,0,0.0528
lead_00876,sdr_01,mql,1,0,0,0.0728
lead_00877,sdr_01,mql,1,0,0,0.1172
lead_00878,sdr_01,mql,1,0,0,0.1729
lead_00879,sdr_05,disqualified,0,0,0,0.4119
lead_00880,sdr_04,mql,1,0,0,0.0643
lead_00881,sdr_01,nurture,0,0,0,0.1568
lead_00882,sdr_01,mql,1,0,0,0.0457
lead_00883,sdr_05,opportunity,1,1,1,0.1763
lead_00884,sdr_05,opportunity,1,1,1,0.2108
lead_00885,sdr_02,mql,1,0,0,0.0653
lead_00886,sdr_01,disqualified,0,0,0,0.1986
lead_00887,sdr_03,mql,1,0,0,0.1509
lead_00888,sdr_01,nurture,0,0,0,0.1208
lead_00889,sdr_01,mql,1,0,0,0.0725
lead_00890,sdr_01,mql,1,0,0,0.135
lead_00891,sdr_02,mql,1,0,0,0.0525
lead_00892,sdr_05,mql,1,0,0,0.2751
lead_00893,sdr_04,disqualified,0,0,0,0.0755
lead_00894,sdr_04,nurture,0,0,0,0.0671
lead_00895,sdr_01,disqualified,0,0,0,0.1413
lead_00896,sdr_01,nurture,0,0,0,0.147
lead_00897,sdr_02,mql,1,0,0,0.0696
lead_00898,sdr_01,nurture,0,0,0,0.1495
lead_00899,sdr_04,mql,1,0,0,0.1421
lead_00900,sdr_01,nurture,0,0,0,0.1046
lead_00901,sdr_02,sql,1,1,0,0.0564
lead_00902,sdr_02,mql,1,0,0,0.0657
lead_00903,sdr_01,mql,1,0,0,0.0525
lead_00904,sdr_01,nurture,0,0,0,0.2149
lead_00905,sdr_02,mql,1,0,0,0.0842
lead_00906,sdr_03,opportunity,1,1,1,0.1488
lead_00907,sdr_04,disqualified,0,0,0,0.0804
lead_00908,sdr_04,disqualified,0,0,0,0.2803
lead_00909,sdr_02,mql,1,0,0,0.0562
lead_00910,sdr_03,disqualified,0,0,0,0.1133
lead_00911,sdr_05,mql,1,0,0,0.2433
lead_00912,sdr_01,nurture,0,0,0,0.357
lead_00913,sdr_05,disqualified,0,0,0,0.0817
lead_00914,sdr_01,mql,1,0,0,0.1216
lead_00915,sdr_01,disqualified,0,0,0,0.1602
lead_00916,sdr_01,disqualified,0,0,0,0.0763
lead_00917,sdr_02,disqualified,0,0,0,0.0469
lead_00918,sdr_01,mql,1,0,0,0.0983
lead_00919,sdr_01,disqualified,0,0,0,0.1382
lead_00920,sdr_03,sql,1,1,0,0.1397
lead_00921,sdr_01,mql,1,0,0,0.1788
lead_00922,sdr_01,mql,1,0,0,0.1636
lead_00923,sdr_05,mql,1,0,0,0.2211
lead_00924,sdr_02,nurture,0,0,0,0.0606
lead_00925,sdr_01,opportunity,1,1,1,0.3017
lead_00926,sdr_01,disqualified,0,0,0,0.2179
lead_00927,,mql,1,0,0,0.0899
lead_00928,sdr_03,mql,1,0,0,0.1264
lead_00929,sdr_01,nurture,0,0,0,0.1492
lead_00930,sdr_01,opportunity,1,1,1,0.118
lead_00931,sdr_04,mql,1,0,0,0.0913
lead_00932,sdr_05,disqualified,0,0,0,0.3067
lead_00933,,mql,1,0,0,0.141
lead_00934,sdr_01,opportunity,1,1,1,0.1693
lead_00935,sdr_02,disqualified,0,0,0,0.051
lead_00936,sdr_01,disqualified,0,0,0,0.0917
lead_00937,sdr_01,mql,1,0,0,0.0581
lead_00938,sdr_05,mql,1,0,0,0.3833
lead_00939,sdr_05,nurture,0,0,0,0.3226
lead_00940,sdr_02,mql,1,0,0,0.0416
lead_00941,sdr_01,mql,1,0,0,0.1891
lead_00942,sdr_05,nurture,0,0,0,0.0949
lead_00943,sdr_02,disqualified,0,0,0,0.0689
lead_00944,sdr_05,mql,1,0,0,0.1358
lead_00945,sdr_01,nurture,0,0,0,0.2269
lead_00946,sdr_01,mql,1,0,0,0.1359
lead_00947,sdr_01,disqualified,0,0,0,0.0892
lead_00948,sdr_02,opportunity,1,1,1,0.0785
lead_00949,sdr_05,nurture,0,0,0,0.1813
lead_00950,sdr_04,mql,1,0,0,0.0681
lead_00951,sdr_04,opportunity,1,1,1,0.2228
lead_00952,sdr_01,disqualified,0,0,0,0.264
lead_00953,sdr_01,nurture,0,0,0,0.0803
lead_00954,,mql,1,0,0,0.0544
lead_00955,sdr_05,nurture,0,0,0,0.2334
lead_00956,sdr_01,disqualified,0,0,0,0.06
lead_00957,sdr_02,disqualified,0,0,0,0.0496
lead_00958,sdr_04,opportunity,1,1,1,0.1279
lead_00959,sdr_01,nurture,0,0,0,0.1712
lead_00960,sdr_05,mql,1,0,0,0.0987
lead_00961,sdr_05,nurture,0,0,0,0.18
lead_00962,sdr_01,mql,1,0,0,0.156
lead_00963,sdr_05,sql,1,1,0,0.1741
lead_00964,sdr_02,nurture,0,0,0,0.0591
lead_00965,sdr_04,nurture,0,0,0,0.0661
lead_00966,sdr_01,disqualified,0,0,0,0.1141
lead_00967,sdr_02,nurture,0,0,0,0.0493
lead_00968,sdr_02,mql,1,0,0,0.052
lead_00969,sdr_01,mql,1,0,0,0.2315
lead_00970,sdr_01,opportunity,1,1,1,0.1591
lead_00971,sdr_03,mql,1,0,0,0.1415
lead_00972,sdr_03,disqualified,0,0,0,0.1412
lead_00973,sdr_01,mql,1,0,0,0.0944
lead_00974,sdr_04,mql,1,0,0,0.0784
lead_00975,sdr_01,disqualified,0,0,0,0.1423
lead_00976,sdr_01,disqualified,0,0,0,0.1245
lead_00977,sdr_02,mql,1,0,0,0.02
lead_00978,sdr_01,disqualified,0,0,0,0.1631
lead_00979,sdr_05,mql,1,0,0,0.2532
lead_00980,sdr_01,nurture,0,0,0,0.2415
lead_00981,sdr_01,disqualified,0,0,0,0.113
lead_00982,sdr_02,mql,1,0,0,0.0859
lead_00983,sdr_05,mql,1,0,0,0.0897
lead_00984,sdr_04,mql,1,0,0,0.0646
lead_00985,sdr_01,disqualified,0,0,0,0.0809
lead_00986,sdr_01,mql,1,0,0,0.1225
lead_00987,sdr_04,nurture,0,0,0,0.0807
lead_00988,sdr_04,opportunity,1,1,1,0.2174
lead_00989,sdr_05,mql,1,0,0,0.1079
lead_00990,sdr_01,mql,1,0,0,0.1095
lead_00991,sdr_05,opportunity,1,1,1,0.33
lead_00992,sdr_05,mql,1,0,0,0.2396
lead_00993,sdr_05,nurture,0,0,0,0.2218
lead_00994,sdr_01,nurture,0,0,0,0.2672
lead_00995,sdr_02,mql,1,0,0,0.0541
lead_00996,sdr_05,mql,1,0,0,0.2791
lead_00997,sdr_02,mql,1,0,0,0.039
lead_00998,sdr_05,sql,1,1,0,0.1014
lead_00999,sdr_01,disqualified,0,0,0,0.1273
lead_01000,sdr_05,nurture,0,0,0,0.3242
lead_01001,sdr_01,disqualified,0,0,0,0.0617
lead_01002,sdr_01,nurture,0,0,0,0.1099
lead_01003,sdr_01,nurture,0,0,0,0.075
lead_01004,sdr_01,nurture,0,0,0,0.094
lead_01005,sdr_02,nurture,0,0,0,0.0497
lead_01006,sdr_03,mql,1,0,0,0.1464
lead_01007,sdr_01,disqualified,0,0,0,0.0729
lead_01008,sdr_01,disqualified,0,0,0,0.1068
lead_01009,sdr_04,disqualified,0,0,0,0.1298
lead_01010,sdr_01,nurture,0,0,0,0.0795
lead_01011,sdr_01,mql,1,0,0,0.1024
lead_01012,sdr_02,nurture,0,0,0,0.0413
lead_01013,sdr_05,mql,1,0,0,0.0975
lead_01014,sdr_02,disqualified,0,0,0,0.0575
lead_01015,sdr_05,mql,1,0,0,0.1651
lead_01016,sdr_05,disqualified,0,0,0,0.1812
lead_01017,sdr_01,nurture,0,0,0,0.0783
lead_01018,sdr_05,disqualified,0,0,0,0.1628
lead_01019,sdr_01,mql,1,0,0,0.1594
lead_01020,sdr_05,sql,1,1,0,0.113
lead_01021,sdr_02,disqualified,0,0,0,0.064
lead_01022,sdr_05,mql,1,0,0,0.1923
lead_01023,sdr_05,sql,1,1,0,0.0764
lead_01024,sdr_02,sql,1,1,0,0.0623
lead_01025,sdr_05,disqualified,0,0,0,0.1999
lead_01026,sdr_02,disqualified,0,0,0,0.0538
lead_01027,sdr_05,mql,1,0,0,0.2103
lead_01028,sdr_01,nurture,0,0,0,0.1152
lead_01029,sdr_01,mql,1,0,0,0.2274
lead_01030,sdr_05,mql,1,0,0,0.0647
lead_01031,sdr_05,nurture,0,0,0,0.0896
lead_01032,sdr_02,mql,1,0,0,0.0951
lead_01033,sdr_05,disqualified,0,0,0,0.2442
lead_01034,sdr_03,nurture,0,0,0,0.1685
lead_01035,sdr_02,mql,1,0,0,0.0705
lead_01036,sdr_05,mql,1,0,0,0.1116
lead_01037,sdr_01,mql,1,0,0,0.2123
lead_01038,sdr_01,mql,1,0,0,0.2582
lead_01039,sdr_02,disqualified,0,0,0,0.0667
lead_01040,sdr_05,mql,1,0,0,0.0797
lead_01041,sdr_03,mql,1,0,0,0.1385
lead_01042,sdr_01,mql,1,0,0,0.1699
lead_01043,sdr_03,mql,1,0,0,0.1017
lead_01044,sdr_02,mql,1,0,0,0.041
lead_01045,sdr_01,mql,1,0,0,0.3095
lead_01046,sdr_05,nurture,0,0,0,0.1024
lead_01047,sdr_02,mql,1,0,0,0.0778
lead_01048,sdr_05,nurture,0,0,0,0.3195
lead_01049,sdr_02,opportunity,1,1,1,0.0534
lead_01050,sdr_05,sql,1,1,0,0.1864
lead_01051,sdr_01,mql,1,0,0,0.1523
lead_01052,sdr_02,nurture,0,0,0,0.0625
lead_01053,sdr_02,disqualified,0,0,0,0.0645
lead_01054,sdr_01,mql,1,0,0,0.1389
lead_01055,sdr_01,disqualified,0,0,0,0.1298
lead_01056,sdr_01,nurture,0,0,0,0.1431
lead_01057,sdr_05,mql,1,0,0,0.0658
lead_01058,,disqualified,0,0,0,0.148
lead_01059,sdr_03,sql,1,1,0,0.1525
lead_01060,sdr_01,nurture,0,0,0,0.1194
lead_01061,sdr_05,opportunity,1,1,1,0.4098
lead_01062,sdr_01,mql,1,0,0,0.1414
lead_01063,sdr_01,mql,1,0,0,0.1166
lead_01064,sdr_02,mql,1,0,0,0.0596
lead_01065,sdr_05,opportunity,1,1,1,0.2362
lead_01066,sdr_01,nurture,0,0,0,0.0937
lead_01067,sdr_01,nurture,0,0,0,0.1689
lead_01068,sdr_05,mql,1,0,0,0.205
lead_01069,sdr_02,mql,1,0,0,0.0352
lead_01070,sdr_01,mql,1,0,0,0.2053
lead_01071,sdr_05,disqualified,0,0,0,0.2867
lead_01072,sdr_01,nurture,0,0,0,0.1577
lead_01073,sdr_02,mql,1,0,0,0.0322
lead_01074,,mql,1,0,0,0.1011
lead_01075,sdr_01,mql,1,0,0,0.0984
lead_01076,sdr_01,nurture,0,0,0,0.1402
lead_01077,sdr_02,mql,1,0,0,0.0317
lead_01078,sdr_02,nurture,0,0,0,0.0369
lead_01079,sdr_01,mql,1,0,0,0.1808
lead_01080,sdr_05,nurture,0,0,0,0.2889
lead_01081,sdr_05,mql,1,0,0,0.0684
lead_01082,sdr_02,mql,1,0,0,0.0868
lead_01083,sdr_01,opportunity,1,1,1,0.2175
lead_01084,sdr_02,disqualified,0,0,0,0.0282
lead_01085,sdr_02,mql,1,0,0,0.0543
lead_01086,sdr_02,opportunity,1,1,1,0.0486
lead_01087,sdr_03,nurture,0,0,0,0.1309
lead_01088,sdr_05,mql,1,0,0,0.1413
lead_01089,sdr_03,disqualified,0,0,0,0.1267
lead_01090,sdr_01,sql,1,1,0,0.091
lead_01091,sdr_01,mql,1,0,0,0.0985
lead_01092,sdr_02,mql,1,0,0,0.0773
lead_01093,,mql,1,0,0,0.0843
lead_01094,sdr_03,mql,1,0,0,0.1655
lead_01095,sdr_03,sql,1,1,0,0.0945
lead_01096,sdr_01,opportunity,1,1,1,0.2592
lead_01097,sdr_05,nurture,0,0,0,0.0718
lead_01098,sdr_01,nurture,0,0,0,0.0701
lead_01099,sdr_02,nurture,0,0,0,0.0792
lead_01100,sdr_01,mql,1,0,0,0.1761
lead_01101,sdr_02,disqualified,0,0,0,0.0756
lead_01102,sdr_05,sql,1,1,0,0.1186
lead_01103,sdr_03,mql,1,0,0,0.1282
lead_01104,sdr_05,disqualified,0,0,0,0.241
lead_01105,sdr_01,sql,1,1,0,0.1635
lead_01106,sdr_04,mql,1,0,0,0.3463
lead_01107,sdr_02,disqualified,0,0,0,0.0687
lead_01108,sdr_02,disqualified,0,0,0,0.0537
lead_01109,sdr_05,mql,1,0,0,0.1706
lead_01110,sdr_05,mql,1,0,0,0.2249
lead_01111,sdr_01,mql,1,0,0,0.1236
lead_01112,sdr_02,mql,1,0,0,0.0504
lead_01113,sdr_02,disqualified,0,0,0,0.079
lead_01114,sdr_02,mql,1,0,0,0.0599
lead_01115,sdr_05,mql,1,0,0,0.0769
lead_01116,sdr_05,nurture,0,0,0,0.1021
lead_01117,sdr_05,nurture,0,0,0,0.1066
lead_01118,sdr_03,mql,1,0,0,0.1327
lead_01119,sdr_01,nurture,0,0,0,0.1976
lead_01120,sdr_05,disqualified,0,0,0,0.3229
lead_01121,sdr_05,disqualified,0,0,0,0.1784
lead_01122,sdr_05,mql,1,0,0,0.109
lead_01123,sdr_05,nurture,0,0,0,0.1479
lead_01124,sdr_01,mql,1,0,0,0.1796
lead_01125,sdr_02,disqualified,0,0,0,0.0662
lead_01126,sdr_05,opportunity,1,1,1,0.1555
lead_01127,sdr_05,mql,1,0,0,0.122
lead_01128,sdr_04,disqualified,0,0,0,0.2601
lead_01129,sdr_01,nurture,0,0,0,0.0824
lead_01130,sdr_04,nurture,0,0,0,0.1239
lead_01131,sdr_05,mql,1,0,0,0.3158
lead_01132,sdr_01,mql,1,0,0,0.1381
lead_01133,sdr_01,disqualified,0,0,0,0.3993
lead_01134,sdr_02,disqualified,0,0,0,0.0479
lead_01135,sdr_04,disqualified,0,0,0,0.0726
lead_01136,sdr_03,nurture,0,0,0,0.1381
lead_01137,sdr_02,disqualified,0,0,0,0.0538
lead_01138,sdr_01,nurture,0,0,0,0.0548
lead_01139,sdr_01,nurture,0,0,0,0.0527
lead_01140,sdr_03,mql,1,0,0,0.1801
lead_01141,sdr_05,disqualified,0,0,0,0.1102
lead_01142,sdr_03,disqualified,0,0,0,0.1339
lead_01143,sdr_03,nurture,0,0,0,0.1212
lead_01144,sdr_04,mql,1,0,0,0.21
lead_01145,sdr_05,mql,1,0,0,0.2046
lead_01146,sdr_05,disqualified,0,0,0,0.0899
lead_01147,sdr_02,mql,1,0,0,0.0449
lead_01148,sdr_05,sql,1,1,0,0.176
lead_01149,sdr_05,mql,1,0,0,0.1645
lead_01150,sdr_03,disqualified,0,0,0,0.1731
lead_01151,sdr_02,mql,1,0,0,0.0511
lead_01152,sdr_01,sql,1,1,0,0.1634
lead_01153,sdr_01,sql,1,1,0,0.1353
lead_01154,sdr_05,disqualified,0,0,0,0.2289
lead_01155,sdr_02,nurture,0,0,0,0.075
lead_01156,sdr_04,nurture,0,0,0,0.1374
lead_01157,sdr_05,mql,1,0,0,0.1463
lead_01158,sdr_05,nurture,0,0,0,0.0702
lead_01159,sdr_02,mql,1,0,0,0.0825
lead_01160,sdr_05,mql,1,0,0,0.1077
lead_01161,sdr_01,disqualified,0,0,0,0.2469
lead_01162,sdr_02,disqualified,0,0,0,0.0512
lead_01163,sdr_05,mql,1,0,0,0.1842
lead_01164,sdr_05,mql,1,0,0,0.0727
lead_01165,sdr_05,opportunity,1,1,1,0.2149
lead_01166,sdr_01,nurture,0,0,0,0.1379
lead_01167,sdr_02,nurture,0,0,0,0.0689
lead_01168,sdr_01,sql,1,1,0,0.312
lead_01169,sdr_04,nurture,0,0,0,0.3315
lead_01170,sdr_03,mql,1,0,0,0.1158
lead_01171,sdr_05,opportunity,1,1,1,0.2162
lead_01172,sdr_01,nurture,0,0,0,0.2146
lead_01173,sdr_01,disqualified,0,0,0,0.0975
lead_01174,sdr_03,mql,1,0,0,0.085
lead_01175,sdr_02,mql,1,0,0,0.0729
lead_01176,sdr_03,nurture,0,0,0,0.1363
lead_01177,sdr_02,disqualified,0,0,0,0.0504
lead_01178,sdr_01,opportunity,1,1,1,0.3121
lead_01179,sdr_01,mql,1,0,0,0.1019
lead_01180,sdr_05,mql,1,0,0,0.0883
lead_01181,sdr_02,mql,1,0,0,0.105
lead_01182,sdr_04,mql,1,0,0,0.1131
lead_01183,sdr_01,nurture,0,0,0,0.0694
lead_01184,sdr_05,mql,1,0,0,0.1735
lead_01185,sdr_01,nurture,0,0,0,0.0655
lead_01186,sdr_01,sql,1,1,0,0.1447
lead_01187,sdr_02,nurture,0,0,0,0.0772
lead_01188,sdr_01,mql,1,0,0,0.0805
lead_01189,sdr_02,nurture,0,0,0,0.0803
lead_01190,sdr_04,nurture,0,0,0,0.133
lead_01191,sdr_05,mql,1,0,0,0.2523
lead_01192,sdr_01,mql,1,0,0,0.0756
lead_01193,sdr_01,opportunity,1,1,1,0.1648
lead_01194,sdr_03,nurture,0,0,0,0.1283
lead_01195,sdr_02,sql,1,1,0,0.065
lead_01196,sdr_02,mql,1,0,0,0.0626
lead_01197,sdr_02,nurture,0,0,0,0.0689
lead_01198,sdr_05,disqualified,0,0,0,0.3295
lead_01199,sdr_02,mql,1,0,0,0.1024
lead_01200,sdr_05,mql,1,0,0,0.0968
lead_01201,sdr_01,nurture,0,0,0,0.0909
lead_01202,sdr_01,mql,1,0,0,0.1186
lead_01203,sdr_01,sql,1,1,0,0.1691
lead_01204,sdr_05,opportunity,1,1,1,0.3963
lead_01205,sdr_03,disqualified,0,0,0,0.1189
lead_01206,sdr_05,mql,1,0,0,0.2198
lead_01207,sdr_05,disqualified,0,0,0,0.1681
lead_01208,sdr_01,opportunity,1,1,1,0.1174
lead_01209,sdr_02,nurture,0,0,0,0.0631
lead_01210,sdr_01,mql,1,0,0,0.0755
lead_01211,sdr_04,nurture,0,0,0,0.081
lead_01212,sdr_01,opportunity,1,1,1,0.1585
lead_01213,sdr_01,nurture,0,0,0,0.1379
lead_01214,sdr_04,mql,1,0,0,0.3067
lead_01215,sdr_01,nurture,0,0,0,0.3255
lead_01216,sdr_03,nurture,0,0,0,0.1133
lead_01217,sdr_05,mql,1,0,0,0.2202
lead_01218,sdr_05,mql,1,0,0,0.3695
lead_01219,sdr_02,nurture,0,0,0,0.0473
lead_01220,sdr_05,opportunity,1,1,1,0.2966
lead_01221,sdr_02,nurture,0,0,0,0.0486
lead_01222,sdr_04,disqualified,0,0,0,0.0496
lead_01223,sdr_05,mql,1,0,0,0.2265
lead_01224,sdr_01,disqualified,0,0,0,0.1311
lead_01225,sdr_05,mql,1,0,0,0.3058
lead_01226,sdr_02,mql,1,0,0,0.092
lead_01227,sdr_02,mql,1,0,0,0.0491
lead_01228,sdr_02,mql,1,0,0,0.0501
lead_01229,sdr_02,disqualified,0,0,0,0.0905
lead_01230,sdr_05,sql,1,1,0,0.1284
lead_01231,sdr_04,mql,1,0,0,0.3102
lead_01232,sdr_05,mql,1,0,0,0.2338
lead_01233,sdr_05,disqualified,0,0,0,0.291
lead_01234,sdr_02,mql,1,0,0,0.049
lead_01235,sdr_02,nurture,0,0,0,0.0599
lead_01236,sdr_02,mql,1,0,0,0.0624
lead_01237,sdr_05,mql,1,0,0,0.2244
lead_01238,sdr_01,nurture,0,0,0,0.2013
lead_01239,sdr_05,disqualified,0,0,0,0.1492
lead_01240,sdr_05,disqualified,0,0,0,0.3561
lead_01241,sdr_01,mql,1,0,0,0.1808
lead_01242,sdr_03,opportunity,1,1,1,0.1521
lead_01243,sdr_02,opportunity,1,1,1,0.0542
lead_01244,sdr_01,mql,1,0,0,0.088
lead_01245,sdr_05,disqualified,0,0,0,0.0776
lead_01246,sdr_05,disqualified,0,0,0,0.1202
lead_01247,sdr_05,disqualified,0,0,0,0.2974
lead_01248,sdr_02,mql,1,0,0,0.0764
lead_01249,sdr_01,disqualified,0,0,0,0.193
lead_01250,sdr_04,disqualified,0,0,0,0.0974
lead_01251,sdr_05,mql,1,0,0,0.1688
lead_01252,sdr_02,nurture,0,0,0,0.0513
lead_01253,sdr_03,disqualified,0,0,0,0.1019
lead_01254,sdr_01,nurture,0,0,0,0.214
lead_01255,sdr_05,opportunity,1,1,1,0.3039
lead_01256,sdr_02,mql,1,0,0,0.0531
lead_01257,sdr_02,mql,1,0,0,0.0543
lead_01258,sdr_05,sql,1,1,0,0.2025
lead_01259,sdr_04,sql,1,1,0,0.3157
lead_01260,sdr_03,nurture,0,0,0,0.1118
lead_01261,sdr_01,mql,1,0,0,0.2093
lead_01262,sdr_02,nurture,0,0,0,0.0791
lead_01263,sdr_05,mql,1,0,0,0.0705
lead_01264,sdr_03,nurture,0,0,0,0.0998
lead_01265,sdr_02,mql,1,0,0,0.1082
lead_01266,sdr_03,mql,1,0,0,0.1328
lead_01267,sdr_01,disqualified,0,0,0,0.1037
lead_01268,sdr_05,sql,1,1,0,0.2018
lead_01269,sdr_02,mql,1,0,0,0.0743
lead_01270,sdr_05,mql,1,0,0,0.2427
lead_01271,sdr_02,nurture,0,0,0,0.0334
lead_01272,sdr_01,mql,1,0,0,0.2588
lead_01273,sdr_02,mql,1,0,0,0.0547
lead_01274,sdr_05,mql,1,0,0,0.4672
lead_01275,sdr_01,opportunity,1,1,1,0.2587
lead_01276,sdr_01,mql,1,0,0,0.0891
lead_01277,sdr_02,disqualified,0,0,0,0.0801
lead_01278,sdr_05,mql,1,0,0,0.2021
lead_01279,sdr_02,nurture,0,0,0,0.0493
lead_01280,sdr_05,disqualified,0,0,0,0.1898
lead_01281,sdr_05,sql,1,1,0,0.06
lead_01282,sdr_01,mql,1,0,0,0.3156
lead_01283,sdr_05,nurture,0,0,0,0.2663
lead_01284,sdr_01,mql,1,0,0,0.134
lead_01285,sdr_02,disqualified,0,0,0,0.0662
lead_01286,sdr_04,mql,1,0,0,0.0829
lead_01287,sdr_04,mql,1,0,0,0.0727
lead_01288,sdr_02,disqualified,0,0,0,0.0781
lead_01289,sdr_01,mql,1,0,0,0.206
lead_01290,sdr_05,nurture,0,0,0,0.175
lead_01291,sdr_01,disqualified,0,0,0,0.1963
lead_01292,sdr_04,mql,1,0,0,0.3008
lead_01293,sdr_05,nurture,0,0,0,0.0879
lead_01294,sdr_01,mql,1,0,0,0.1112
lead_01295,sdr_05,disqualified,0,0,0,0.2265
lead_01296,sdr_03,disqualified,0,0,0,0.0998
lead_01297,sdr_01,mql,1,0,0,0.338
lead_01298,sdr_05,mql,1,0,0,0.1681
lead_01299,sdr_02,disqualified,0,0,0,0.0656
lead_01300,sdr_02,mql,1,0,0,0.0375
lead_01301,sdr_02,mql,1,0,0,0.0361
lead_01302,,disqualified,0,0,0,0.0949
lead_01303,sdr_02,nurture,0,0,0,0.0946
lead_01304,sdr_03,nurture,0,0,0,0.1176
lead_01305,sdr_01,mql,1,0,0,0.2038
lead_01306,sdr_05,mql,1,0,0,0.2276
lead_01307,sdr_05,disqualified,0,0,0,0.0702
lead_01308,sdr_01,disqualified,0,0,0,0.0864
lead_01309,sdr_01,disqualified,0,0,0,0.0664
lead_01310,sdr_02,mql,1,0,0,0.039
lead_01311,sdr_04,nurture,0,0,0,0.0684
lead_01312,sdr_05,sql,1,1,0,0.3123
lead_01313,sdr_01,mql,1,0,0,0.4124
lead_01314,sdr_02,mql,1,0,0,0.0627
lead_01315,sdr_04,nurture,0,0,0,0.0886
lead_01316,sdr_02,nurture,0,0,0,0.0888
lead_01317,sdr_05,nurture,0,0,0,0.2117
lead_01318,sdr_02,opportunity,1,1,1,0.107
lead_01319,sdr_04,opportunity,1,1,1,0.2043
lead_01320,sdr_01,mql,1,0,0,0.0767
lead_01321,sdr_04,disqualified,0,0,0,0.0797
lead_01322,sdr_05,opportunity,1,1,1,0.1909
lead_01323,sdr_05,opportunity,1,1,1,0.1732
lead_01324,sdr_05,mql,1,0,0,0.1392
lead_01325,sdr_03,disqualified,0,0,0,0.1014
lead_01326,sdr_02,mql,1,0,0,0.0656
lead_01327,sdr_05,mql,1,0,0,0.1905
lead_01328,sdr_04,mql,1,0,0,0.0744
lead_01329,sdr_03,nurture,0,0,0,0.0939
lead_01330,sdr_05,nurture,0,0,0,0.1813
lead_01331,sdr_01,disqualified,0,0,0,0.0536
lead_01332,sdr_02,disqualified,0,0,0,0.0376
lead_01333,sdr_03,disqualified,0,0,0,0.0972
lead_01334,sdr_05,nurture,0,0,0,0.3017
lead_01335,sdr_02,disqualified,0,0,0,0.0539
lead_01336,sdr_01,sql,1,1,0,0.2675
lead_01337,sdr_01,nurture,0,0,0,0.1654
lead_01338,sdr_05,opportunity,1,1,1,0.1782
lead_01339,sdr_01,disqualified,0,0,0,0.1782
lead_01340,sdr_05,opportunity,1,1,1,0.357
lead_01341,sdr_05,mql,1,0,0,0.2553
lead_01342,sdr_03,mql,1,0,0,0.1214
lead_01343,sdr_05,disqualified,0,0,0,0.2032
lead_01344,sdr_03,nurture,0,0,0,0.1445
lead_01345,sdr_05,mql,1,0,0,0.1398
lead_01346,sdr_04,opportunity,1,1,1,0.244
lead_01347,sdr_04,disqualified,0,0,0,0.0751
lead_01348,sdr_02,disqualified,0,0,0,0.0803
lead_01349,sdr_02,mql,1,0,0,0.0592
lead_01350,sdr_05,disqualified,0,0,0,0.3433
lead_01351,sdr_05,nurture,0,0,0,0.1014
lead_01352,sdr_01,nurture,0,0,0,0.1298
lead_01353,sdr_02,opportunity,1,1,1,0.0746
lead_01354,sdr_01,mql,1,0,0,0.1407
lead_01355,sdr_05,nurture,0,0,0,0.2624
lead_01356,sdr_05,sql,1,1,0,0.1409
lead_01357,sdr_04,mql,1,0,0,0.3159
lead_01358,sdr_02,mql,1,0,0,0.0669
lead_01359,sdr_03,mql,1,0,0,0.1492
lead_01360,sdr_02,disqualified,0,0,0,0.0663
lead_01361,sdr_02,mql,1,0,0,0.0778
lead_01362,sdr_01,mql,1,0,0,0.165
lead_01363,sdr_03,disqualified,0,0,0,0.167
lead_01364,sdr_05,opportunity,1,1,1,0.2795
lead_01365,sdr_05,disqualified,0,0,0,0.1229
lead_01366,sdr_01,nurture,0,0,0,0.3495
lead_01367,sdr_01,disqualified,0,0,0,0.0626
lead_01368,sdr_02,mql,1,0,0,0.079
lead_01369,sdr_04,mql,1,0,0,0.118
lead_01370,sdr_01,disqualified,0,0,0,0.2838
lead_01371,sdr_01,mql,1,0,0,0.0721
lead_01372,sdr_04,disqualified,0,0,0,0.0884
lead_01373,sdr_02,mql,1,0,0,0.0487
lead_01374,sdr_04,mql,1,0,0,0.2574
lead_01375,sdr_02,disqualified,0,0,0,0.0635
lead_01376,sdr_05,mql,1,0,0,0.2395
lead_01377,,opportunity,1,1,1,0.0416
lead_01378,sdr_01,nurture,0,0,0,0.1237
lead_01379,sdr_05,opportunity,1,1,1,0.2179
lead_01380,sdr_05,disqualified,0,0,0,0.2027
lead_01381,sdr_04,nurture,0,0,0,0.1193
lead_01382,sdr_04,disqualified,0,0,0,0.0462
lead_01383,sdr_01,mql,1,0,0,0.0921
lead_01384,sdr_05,mql,1,0,0,0.1216
lead_01385,sdr_01,nurture,0,0,0,0.1365
lead_01386,sdr_05,disqualified,0,0,0,0.1501
lead_01387,sdr_03,opportunity,1,1,1,0.1208
lead_01388,sdr_05,mql,1,0,0,0.1155
lead_01389,sdr_03,nurture,0,0,0,0.165
lead_01390,sdr_01,disqualified,0,0,0,0.1214
lead_01391,sdr_01,disqualified,0,0,0,0.1575
lead_01392,sdr_02,mql,1,0,0,0.0457
lead_01393,sdr_04,mql,1,0,0,0.0647
lead_01394,sdr_01,mql,1,0,0,0.1745
lead_01395,sdr_04,mql,1,0,0,0.0731
lead_01396,sdr_02,mql,1,0,0,0.04
lead_01397,sdr_01,opportunity,1,1,1,0.1563
lead_01398,sdr_04,mql,1,0,0,0.1649
lead_01399,sdr_01,mql,1,0,0,0.0613
lead_01400,sdr_04,mql,1,0,0,0.2056
lead_01401,sdr_02,mql,1,0,0,0.0987
lead_01402,sdr_01,nurture,0,0,0,0.2827
lead_01403,sdr_01,nurture,0,0,0,0.0715
lead_01404,sdr_04,disqualified,0,0,0,0.2059
lead_01405,sdr_02,disqualified,0,0,0,0.0447
lead_01406,sdr_01,opportunity,1,1,1,0.1841
lead_01407,sdr_02,disqualified,0,0,0,0.0456
lead_01408,sdr_02,disqualified,0,0,0,0.0615
lead_01409,sdr_01,disqualified,0,0,0,0.0685
lead_01410,sdr_01,mql,1,0,0,0.2858
lead_01411,sdr_01,nurture,0,0,0,0.1573
lead_01412,sdr_05,nurture,0,0,0,0.0883
lead_01413,sdr_01,mql,1,0,0,0.0842
lead_01414,sdr_02,mql,1,0,0,0.0662
lead_01415,sdr_04,disqualified,0,0,0,0.065
lead_01416,sdr_01,mql,1,0,0,0.1209
lead_01417,sdr_05,nurture,0,0,0,0.1431
lead_01418,sdr_05,mql,1,0,0,0.1454
lead_01419,sdr_01,mql,1,0,0,0.3202
lead_01420,sdr_02,nurture,0,0,0,0.0549
lead_01421,sdr_02,mql,1,0,0,0.0345
lead_01422,sdr_01,disqualified,0,0,0,0.1668
lead_01423,sdr_02,disqualified,0,0,0,0.0586
lead_01424,sdr_01,mql,1,0,0,0.318
lead_01425,sdr_05,nurture,0,0,0,0.0711
lead_01426,sdr_05,opportunity,1,1,1,0.2804
lead_01427,sdr_01,nurture,0,0,0,0.0888
lead_01428,sdr_03,disqualified,0,0,0,0.1605
lead_01429,sdr_03,sql,1,1,0,0.1202
lead_01430,sdr_01,mql,1,0,0,0.1429
lead_01431,sdr_05,opportunity,1,1,1,0.215
lead_01432,sdr_02,nurture,0,0,0,0.0389
lead_01433,sdr_01,disqualified,0,0,0,0.0668
lead_01434,sdr_05,mql,1,0,0,0.1076
lead_01435,sdr_05,mql,1,0,0,0.0865
lead_01436,sdr_01,sql,1,1,0,0.0529
lead_01437,sdr_02,disqualified,0,0,0,0.0978
lead_01438,sdr_02,disqualified,0,0,0,0.0541
lead_01439,sdr_01,nurture,0,0,0,0.2987
lead_01440,sdr_05,sql,1,1,0,0.1482
lead_01441,sdr_03,mql,1,0,0,0.1141
lead_01442,sdr_02,mql,1,0,0,0.0783
lead_01443,sdr_04,nurture,0,0,0,0.074
lead_01444,sdr_05,mql,1,0,0,0.2556
lead_01445,sdr_01,sql,1,1,0,0.2489
lead_01446,sdr_05,mql,1,0,0,0.285
lead_01447,sdr_02,nurture,0,0,0,0.0532
lead_01448,sdr_02,disqualified,0,0,0,0.0867
lead_01449,sdr_05,sql,1,1,0,0.0971
lead_01450,sdr_02,mql,1,0,0,0.0777
lead_01451,sdr_01,mql,1,0,0,0.1158
lead_01452,sdr_02,mql,1,0,0,0.046
lead_01453,sdr_04,disqualified,0,0,0,0.2056
lead_01454,sdr_03,mql,1,0,0,0.1412
lead_01455,sdr_03,mql,1,0,0,0.1329
lead_01456,sdr_01,mql,1,0,0,0.0848
lead_01457,sdr_01,opportunity,1,1,1,0.1932
lead_01458,sdr_03,mql,1,0,0,0.1192
lead_01459,sdr_02,mql,1,0,0,0.0553
lead_01460,sdr_01,disqualified,0,0,0,0.0679
lead_01461,sdr_01,mql,1,0,0,0.1129
lead_01462,sdr_01,opportunity,1,1,1,0.3108
lead_01463,sdr_02,nurture,0,0,0,0.0377
lead_01464,sdr_02,nurture,0,0,0,0.055
lead_01465,sdr_05,mql,1,0,0,0.1134
lead_01466,sdr_01,mql,1,0,0,0.1157
lead_01467,sdr_05,nurture,0,0,0,0.2144
lead_01468,sdr_05,opportunity,1,1,1,0.1415
lead_01469,sdr_05,disqualified,0,0,0,0.0825
lead_01470,sdr_04,mql,1,0,0,0.0854
lead_01471,sdr_03,nurture,0,0,0,0.1442
lead_01472,sdr_05,mql,1,0,0,0.1974
lead_01473,sdr_04,mql,1,0,0,0.075
lead_01474,sdr_02,disqualified,0,0,0,0.0381
lead_01475,sdr_05,mql,1,0,0,0.1112
lead_01476,sdr_02,mql,1,0,0,0.0503
lead_01477,sdr_01,nurture,0,0,0,0.1677
lead_01478,sdr_01,nurture,0,0,0,0.149
lead_01479,sdr_05,sql,1,1,0,0.3916
lead_01480,sdr_05,disqualified,0,0,0,0.131
lead_01481,sdr_05,mql,1,0,0,0.1691
lead_01482,sdr_04,disqualified,0,0,0,0.2043
lead_01483,sdr_03,mql,1,0,0,0.1326
lead_01484,sdr_05,sql,1,1,0,0.2394
lead_01485,sdr_02,mql,1,0,0,0.0434
lead_01486,sdr_05,disqualified,0,0,0,0.1171
lead_01487,sdr_05,mql,1,0,0,0.2587
lead_01488,sdr_01,mql,1,0,0,0.2102
lead_01489,sdr_04,mql,1,0,0,0.0809
lead_01490,sdr_03,mql,1,0,0,0.1224
lead_01491,sdr_02,disqualified,0,0,0,0.0423
lead_01492,sdr_04,opportunity,1,1,1,0.0656
lead_01493,sdr_02,disqualified,0,0,0,0.0701
lead_01494,sdr_05,sql,1,1,0,0.3058
lead_01495,sdr_02,mql,1,0,0,0.0708
lead_01496,sdr_01,nurture,0,0,0,0.1166
lead_01497,sdr_05,mql,1,0,0,0.2215
lead_01498,sdr_05,disqualified,0,0,0,0.0815
lead_01499,sdr_03,sql,1,1,0,0.1288
lead_01500,sdr_01,nurture,0,0,0,0.0903
lead_01501,sdr_01,nurture,0,0,0,0.1041
lead_01502,sdr_04,disqualified,0,0,0,0.0875
lead_01503,sdr_02,disqualified,0,0,0,0.0551
lead_01504,sdr_01,mql,1,0,0,0.0971
lead_01505,sdr_03,nurture,0,0,0,0.1
lead_01506,sdr_01,opportunity,1,1,1,0.3505
lead_01507,sdr_01,disqualified,0,0,0,0.1323
lead_01508,sdr_01,mql,1,0,0,0.3417
lead_01509,sdr_02,mql,1,0,0,0.0439
lead_01510,sdr_01,disqualified,0,0,0,0.2403
lead_01511,sdr_02,nurture,0,0,0,0.0458
lead_01512,sdr_05,nurture,0,0,0,0.359
lead_01513,sdr_01,opportunity,1,1,1,0.135
lead_01514,sdr_01,disqualified,0,0,0,0.1544
lead_01515,sdr_05,disqualified,0,0,0,0.2315
lead_01516,sdr_01,mql,1,0,0,0.0767
lead_01517,sdr_05,nurture,0,0,0,0.2286
lead_01518,sdr_01,mql,1,0,0,0.1164
lead_01519,sdr_03,nurture,0,0,0,0.1191
lead_01520,sdr_01,mql,1,0,0,0.1585
lead_01521,sdr_02,disqualified,0,0,0,0.0743
lead_01522,sdr_01,mql,1,0,0,0.3882
lead_01523,sdr_05,disqualified,0,0,0,0.1463
lead_01524,sdr_01,nurture,0,0,0,0.1295
lead_01525,sdr_04,opportunity,1,1,1,0.2274
lead_01526,sdr_02,disqualified,0,0,0,0.0656
lead_01527,sdr_01,nurture,0,0,0,0.2719
lead_01528,sdr_01,mql,1,0,0,0.2457
lead_01529,sdr_03,nurture,0,0,0,0.0905
lead_01530,sdr_04,nurture,0,0,0,0.2869
lead_01531,sdr_01,nurture,0,0,0,0.1382
lead_01532,sdr_01,mql,1,0,0,0.0765
lead_01533,sdr_04,disqualified,0,0,0,0.237
lead_01534,sdr_02,mql,1,0,0,0.0602
lead_01535,,mql,1,0,0,0.0613
lead_01536,sdr_04,sql,1,1,0,0.1438
lead_01537,sdr_04,sql,1,1,0,0.0634
lead_01538,sdr_02,opportunity,1,1,1,0.0316
lead_01539,sdr_01,mql,1,0,0,0.1036
lead_01540,sdr_02,mql,1,0,0,0.0712
lead_01541,sdr_03,mql,1,0,0,0.0925
lead_01542,sdr_01,mql,1,0,0,0.1471
lead_01543,sdr_01,sql,1,1,0,0.35
lead_01544,sdr_01,disqualified,0,0,0,0.0823
lead_01545,sdr_01,disqualified,0,0,0,0.3503
lead_01546,sdr_02,disqualified,0,0,0,0.0405
lead_01547,sdr_02,disqualified,0,0,0,0.1193
lead_01548,sdr_03,mql,1,0,0,0.115
lead_01549,sdr_05,disqualified,0,0,0,0.1448
lead_01550,sdr_02,nurture,0,0,0,0.0318
lead_01551,sdr_05,mql,1,0,0,0.3012
lead_01552,sdr_01,opportunity,1,1,1,0.104
lead_01553,sdr_02,disqualified,0,0,0,0.0492
lead_01554,sdr_01,nurture,0,0,0,0.2014
lead_01555,sdr_01,disqualified,0,0,0,0.1808
lead_01556,sdr_03,mql,1,0,0,0.1702
lead_01557,sdr_05,disqualified,0,0,0,0.1402
lead_01558,sdr_02,mql,1,0,0,0.0352
lead_01559,sdr_05,mql,1,0,0,0.1747
lead_01560,sdr_05,disqualified,0,0,0,0.316
lead_01561,sdr_01,mql,1,0,0,0.084
lead_01562,sdr_01,disqualified,0,0,0,0.2602
lead_01563,sdr_05,mql,1,0,0,0.2845
lead_01564,sdr_01,nurture,0,0,0,0.0729
lead_01565,sdr_05,opportunity,1,1,1,0.2625
lead_01566,sdr_01,disqualified,0,0,0,0.3419
lead_01567,sdr_05,mql,1,0,0,0.1042
lead_01568,sdr_02,mql,1,0,0,0.0435
lead_01569,sdr_04,disqualified,0,0,0,0.0646
lead_01570,sdr_04,mql,1,0,0,0.0787
lead_01571,sdr_02,disqualified,0,0,0,0.0366
lead_01572,sdr_03,mql,1,0,0,0.1423
lead_01573,sdr_02,disqualified,0,0,0,0.0431
lead_01574,sdr_05,disqualified,0,0,0,0.2133
lead_01575,sdr_05,disqualified,0,0,0,0.0571
lead_01576,sdr_01,mql,1,0,0,0.1274
lead_01577,sdr_05,nurture,0,0,0,0.0895
lead_01578,sdr_01,nurture,0,0,0,0.1577
lead_01579,sdr_01,nurture,0,0,0,0.1931
lead_01580,sdr_02,sql,1,1,0,0.1141
lead_01581,sdr_02,opportunity,1,1,1,0.092
lead_01582,sdr_05,mql,1,0,0,0.2252
lead_01583,sdr_04,nurture,0,0,0,0.296
lead_01584,sdr_01,mql,1,0,0,0.0864
lead_01585,sdr_05,sql,1,1,0,0.1587
lead_01586,sdr_01,opportunity,1,1,1,0.1773
lead_01587,sdr_01,sql,1,1,0,0.2606
lead_01588,sdr_05,mql,1,0,0,0.0943
lead_01589,sdr_04,disqualified,0,0,0,0.0456
lead_01590,sdr_02,disqualified,0,0,0,0.0529
lead_01591,sdr_02,disqualified,0,0,0,0.0548
lead_01592,sdr_02,disqualified,0,0,0,0.1058
lead_01593,sdr_02,mql,1,0,0,0.0665
lead_01594,sdr_01,mql,1,0,0,0.2072
lead_01595,sdr_02,mql,1,0,0,0.0384
lead_01596,sdr_01,mql,1,0,0,0.329
lead_01597,sdr_02,nurture,0,0,0,0.0934
lead_01598,sdr_01,mql,1,0,0,0.06
lead_01599,sdr_05,nurture,0,0,0,0.2872
lead_01600,sdr_01,mql,1,0,0,0.143
lead_01601,sdr_01,nurture,0,0,0,0.0692
lead_01602,sdr_01,mql,1,0,0,0.3309
lead_01603,sdr_03,disqualified,0,0,0,0.098
lead_01604,sdr_02,nurture,0,0,0,0.0344
lead_01605,sdr_02,mql,1,0,0,0.039
lead_01606,sdr_05,nurture,0,0,0,0.1923
lead_01607,sdr_02,nurture,0,0,0,0.0536
lead_01608,sdr_05,opportunity,1,1,1,0.3616
lead_01609,sdr_01,disqualified,0,0,0,0.1003
lead_01610,sdr_05,nurture,0,0,0,0.195
lead_01611,sdr_02,nurture,0,0,0,0.0469
lead_01612,sdr_02,disqualified,0,0,0,0.0743
lead_01613,sdr_01,disqualified,0,0,0,0.1981
lead_01614,sdr_01,mql,1,0,0,0.2412
lead_01615,sdr_01,disqualified,0,0,0,0.2285
lead_01616,sdr_01,disqualified,0,0,0,0.196
lead_01617,sdr_05,nurture,0,0,0,0.3105
lead_01618,sdr_05,mql,1,0,0,0.1937
lead_01619,sdr_02,nurture,0,0,0,0.081
lead_01620,sdr_01,sql,1,1,0,0.1053
lead_01621,sdr_03,opportunity,1,1,1,0.1189
lead_01622,sdr_01,nurture,0,0,0,0.1036
lead_01623,sdr_02,disqualified,0,0,0,0.0559
lead_01624,sdr_02,disqualified,0,0,0,0.0391
lead_01625,sdr_03,disqualified,0,0,0,0.1593
lead_01626,sdr_01,mql,1,0,0,0.167
lead_01627,sdr_05,disqualified,0,0,0,0.1194
lead_01628,sdr_01,mql,1,0,0,0.1991
lead_01629,sdr_04,mql,1,0,0,0.0978
lead_01630,sdr_01,mql,1,0,0,0.1997
lead_01631,sdr_01,mql,1,0,0,0.0987
lead_01632,sdr_01,nurture,0,0,0,0.1705
lead_01633,sdr_05,sql,1,1,0,0.1701
lead_01634,sdr_02,mql,1,0,0,0.037
lead_01635,sdr_03,disqualified,0,0,0,0.1048
lead_01636,sdr_03,mql,1,0,0,0.1264
lead_01637,sdr_01,disqualified,0,0,0,0.0835
lead_01638,sdr_02,mql,1,0,0,0.0483
lead_01639,sdr_04,sql,1,1,0,0.0949
lead_01640,sdr_01,disqualified,0,0,0,0.1243
lead_01641,sdr_05,nurture,0,0,0,0.348
lead_01642,sdr_05,mql,1,0,0,0.1594
lead_01643,sdr_01,mql,1,0,0,0.1353
lead_01644,sdr_01,sql,1,1,0,0.1446
lead_01645,sdr_05,sql,1,1,0,0.2301
lead_01646,sdr_01,mql,1,0,0,0.1191
lead_01647,sdr_03,disqualified,0,0,0,0.1507
lead_01648,sdr_03,disqualified,0,0,0,0.1395
lead_01649,sdr_01,mql,1,0,0,0.1429
lead_01650,sdr_04,opportunity,1,1,1,0.291
lead_01651,sdr_02,disqualified,0,0,0,0.0527
lead_01652,sdr_05,mql,1,0,0,0.1234
lead_01653,sdr_02,disqualified,0,0,0,0.0651
lead_01654,sdr_01,disqualified,0,0,0,0.1445
lead_01655,sdr_01,mql,1,0,0,0.141
lead_01656,sdr_02,mql,1,0,0,0.044
lead_01657,sdr_02,mql,1,0,0,0.0536
lead_01658,sdr_05,mql,1,0,0,0.0575
lead_01659,sdr_02,nurture,0,0,0,0.0577
lead_01660,sdr_05,mql,1,0,0,0.1162
lead_01661,sdr_05,mql,1,0,0,0.3061
lead_01662,sdr_01,mql,1,0,0,0.3025
lead_01663,sdr_04,mql,1,0,0,0.0761
lead_01664,sdr_02,mql,1,0,0,0.0473
lead_01665,sdr_01,mql,1,0,0,0.2446
lead_01666,sdr_05,nurture,0,0,0,0.0903
lead_01667,sdr_03,disqualified,0,0,0,0.1338
lead_01668,sdr_01,disqualified,0,0,0,0.0996
lead_01669,sdr_05,mql,1,0,0,0.178
lead_01670,,nurture,0,0,0,0.1128
lead_01671,sdr_03,nurture,0,0,0,0.1208
lead_01672,sdr_05,mql,1,0,0,0.1507
lead_01673,sdr_02,mql,1,0,0,0.0884
lead_01674,sdr_01,opportunity,1,1,1,0.0888
lead_01675,sdr_01,disqualified,0,0,0,0.1465
lead_01676,sdr_04,sql,1,1,0,0.0642
lead_01677,sdr_01,disqualified,0,0,0,0.1894
lead_01678,sdr_02,mql,1,0,0,0.1026
lead_01679,sdr_02,disqualified,0,0,0,0.0625
lead_01680,sdr_03,mql,1,0,0,0.1466
lead_01681,sdr_02,disqualified,0,0,0,0.0236
lead_01682,sdr_02,mql,1,0,0,0.1191
lead_01683,sdr_01,nurture,0,0,0,0.0631
lead_01684,sdr_02,mql,1,0,0,0.0591
lead_01685,sdr_01,mql,1,0,0,0.3596
lead_01686,sdr_03,opportunity,1,1,1,0.133
lead_01687,sdr_02,nurture,0,0,0,0.0282
lead_01688,sdr_02,mql,1,0,0,0.0459
lead_01689,sdr_02,disqualified,0,0,0,0.048
lead_01690,sdr_01,mql,1,0,0,0.0728
lead_01691,sdr_03,nurture,0,0,0,0.1755
lead_01692,sdr_05,disqualified,0,0,0,0.1564
lead_01693,sdr_05,opportunity,1,1,1,0.3632
lead_01694,sdr_04,mql,1,0,0,0.0858
lead_01695,sdr_03,nurture,0,0,0,0.094
lead_01696,sdr_02,nurture,0,0,0,0.0438
lead_01697,sdr_01,mql,1,0,0,0.1845
lead_01698,sdr_01,disqualified,0,0,0,0.1922
lead_01699,sdr_02,nurture,0,0,0,0.0905
lead_01700,sdr_05,mql,1,0,0,0.0875
lead_01701,sdr_01,mql,1,0,0,0.1281
lead_01702,sdr_02,nurture,0,0,0,0.0693
lead_01703,sdr_05,disqualified,0,0,0,0.2142
lead_01704,sdr_02,mql,1,0,0,0.1042
lead_01705,sdr_01,mql,1,0,0,0.0926
lead_01706,sdr_01,nurture,0,0,0,0.0897
lead_01707,sdr_02,mql,1,0,0,0.0409
lead_01708,sdr_04,mql,1,0,0,0.0403
lead_01709,sdr_05,mql,1,0,0,0.1171
lead_01710,sdr_01,disqualified,0,0,0,0.1648
lead_01711,sdr_01,nurture,0,0,0,0.1026
lead_01712,sdr_05,disqualified,0,0,0,0.0643
lead_01713,sdr_01,disqualified,0,0,0,0.2465
lead_01714,sdr_01,mql,1,0,0,0.1158
lead_01715,sdr_02,mql,1,0,0,0.0497
lead_01716,sdr_01,disqualified,0,0,0,0.1666
lead_01717,sdr_01,mql,1,0,0,0.0688
lead_01718,sdr_05,nurture,0,0,0,0.1851
lead_01719,sdr_02,disqualified,0,0,0,0.046
lead_01720,sdr_02,mql,1,0,0,0.0374
lead_01721,sdr_05,mql,1,0,0,0.1753
lead_01722,sdr_05,nurture,0,0,0,0.1353
lead_01723,sdr_01,mql,1,0,0,0.1434
lead_01724,sdr_05,mql,1,0,0,0.0887
lead_01725,sdr_03,mql,1,0,0,0.0843
lead_01726,sdr_05,mql,1,0,0,0.1431
lead_01727,sdr_05,nurture,0,0,0,0.078
lead_01728,sdr_03,mql,1,0,0,0.133
lead_01729,sdr_02,nurture,0,0,0,0.0473
lead_01730,,mql,1,0,0,0.0753
lead_01731,sdr_01,mql,1,0,0,0.1687
lead_01732,,mql,1,0,0,0.1334
lead_01733,sdr_02,mql,1,0,0,0.058
lead_01734,sdr_02,mql,1,0,0,0.053
lead_01735,sdr_04,mql,1,0,0,0.0517
lead_01736,sdr_01,nurture,0,0,0,0.0822
lead_01737,sdr_04,mql,1,0,0,0.2278
lead_01738,sdr_01,mql,1,0,0,0.0887
lead_01739,sdr_01,mql,1,0,0,0.0715
lead_01740,sdr_05,mql,1,0,0,0.1341
lead_01741,sdr_04,disqualified,0,0,0,0.2043
lead_01742,sdr_02,mql,1,0,0,0.0476
lead_01743,sdr_05,nurture,0,0,0,0.1888
lead_01744,sdr_02,mql,1,0,0,0.042
lead_01745,sdr_02,mql,1,0,0,0.0852
lead_01746,sdr_01,disqualified,0,0,0,0.2464
lead_01747,sdr_05,nurture,0,0,0,0.1349
lead_01748,sdr_01,mql,1,0,0,0.323
lead_01749,sdr_02,nurture,0,0,0,0.0812
lead_01750,sdr_01,mql,1,0,0,0.3401
lead_01751,sdr_05,mql,1,0,0,0.0621
lead_01752,sdr_01,opportunity,1,1,1,0.0786
lead_01753,sdr_02,disqualified,0,0,0,0.0568
lead_01754,sdr_05,disqualified,0,0,0,0.1669
lead_01755,sdr_02,nurture,0,0,0,0.0343
lead_01756,sdr_05,mql,1,0,0,0.2884
lead_01757,sdr_04,mql,1,0,0,0.2183
lead_01758,sdr_01,nurture,0,0,0,0.0868
lead_01759,sdr_01,sql,1,1,0,0.1428
lead_01760,sdr_03,mql,1,0,0,0.1404
lead_01761,sdr_02,nurture,0,0,0,0.0421
lead_01762,sdr_05,mql,1,0,0,0.0886
lead_01763,sdr_05,mql,1,0,0,0.1266
lead_01764,sdr_01,mql,1,0,0,0.1459
lead_01765,sdr_05,opportunity,1,1,1,0.2212
lead_01766,sdr_05,mql,1,0,0,0.1252
lead_01767,sdr_05,mql,1,0,0,0.1817
lead_01768,sdr_02,nurture,0,0,0,0.0529
lead_01769,sdr_04,disqualified,0,0,0,0.1796
lead_01770,sdr_01,disqualified,0,0,0,0.1245
lead_01771,sdr_02,mql,1,0,0,0.0924
lead_01772,sdr_01,nurture,0,0,0,0.1233
lead_01773,sdr_05,opportunity,1,1,1,0.2718
lead_01774,sdr_02,opportunity,1,1,1,0.0874
lead_01775,sdr_01,opportunity,1,1,1,0.2688
lead_01776,sdr_01,nurture,0,0,0,0.0646
lead_01777,sdr_01,nurture,0,0,0,0.3586
lead_01778,sdr_02,mql,1,0,0,0.0565
lead_01779,sdr_03,mql,1,0,0,0.0802
lead_01780,sdr_01,nurture,0,0,0,0.1543
lead_01781,sdr_01,mql,1,0,0,0.1631
lead_01782,sdr_03,nurture,0,0,0,0.1146
lead_01783,sdr_05,nurture,0,0,0,0.2325
lead_01784,sdr_05,mql,1,0,0,0.0838
lead_01785,sdr_05,opportunity,1,1,1,0.2235
lead_01786,sdr_01,nurture,0,0,0,0.1048
lead_01787,sdr_05,mql,1,0,0,0.1897
lead_01788,sdr_01,disqualified,0,0,0,0.0694
lead_01789,sdr_02,nurture,0,0,0,0.0438
lead_01790,sdr_03,mql,1,0,0,0.1041
lead_01791,sdr_01,sql,1,1,0,0.0612
lead_01792,sdr_05,opportunity,1,1,1,0.1864
lead_01793,sdr_05,mql,1,0,0,0.2388
lead_01794,sdr_01,opportunity,1,1,1,0.1073
lead_01795,sdr_01,nurture,0,0,0,0.1179
lead_01796,sdr_01,opportunity,1,1,1,0.2243
lead_01797,sdr_05,mql,1,0,0,0.1141
lead_01798,sdr_04,mql,1,0,0,0.0922
lead_01799,sdr_02,disqualified,0,0,0,0.0567
lead_01800,sdr_01,nurture,0,0,0,0.1411
lead_01801,sdr_02,nurture,0,0,0,0.0708
lead_01802,sdr_05,mql,1,0,0,0.0905
lead_01803,sdr_01,mql,1,0,0,0.064
lead_01804,sdr_05,nurture,0,0,0,0.1573
lead_01805,sdr_01,nurture,0,0,0,0.226
lead_01806,sdr_05,opportunity,1,1,1,0.2426
lead_01807,sdr_01,mql,1,0,0,0.1327
lead_01808,sdr_01,nurture,0,0,0,0.0771
lead_01809,sdr_02,disqualified,0,0,0,0.0502
lead_01810,sdr_02,nurture,0,0,0,0.0698
lead_01811,sdr_03,sql,1,1,0,0.1107
lead_01812,sdr_02,nurture,0,0,0,0.0348
lead_01813,sdr_01,mql,1,0,0,0.1425
lead_01814,sdr_01,sql,1,1,0,0.1124
lead_01815,sdr_02,disqualified,0,0,0,0.0533
lead_01816,sdr_01,mql,1,0,0,0.1457
lead_01817,sdr_02,nurture,0,0,0,0.0541
lead_01818,sdr_05,nurture,0,0,0,0.1398
lead_01819,sdr_05,disqualified,0,0,0,0.0789
lead_01820,sdr_05,mql,1,0,0,0.1114
lead_01821,sdr_03,mql,1,0,0,0.1595
lead_01822,sdr_02,disqualified,0,0,0,0.0556
lead_01823,sdr_04,mql,1,0,0,0.0466
lead_01824,sdr_03,mql,1,0,0,0.0904
lead_01825,sdr_01,mql,1,0,0,0.0719
lead_01826,sdr_02,disqualified,0,0,0,0.0478
lead_01827,sdr_02,mql,1,0,0,0.0617
lead_01828,sdr_02,nurture,0,0,0,0.0588
lead_01829,sdr_05,opportunity,1,1,1,0.2684
lead_01830,sdr_02,mql,1,0,0,0.0491
lead_01831,sdr_05,mql,1,0,0,0.146
lead_01832,sdr_05,nurture,0,0,0,0.235
lead_01833,sdr_01,disqualified,0,0,0,0.0644
lead_01834,sdr_01,opportunity,1,1,1,0.2553
lead_01835,sdr_01,nurture,0,0,0,0.0486
lead_01836,sdr_02,mql,1,0,0,0.0671
lead_01837,sdr_05,disqualified,0,0,0,0.1268
lead_01838,sdr_05,mql,1,0,0,0.2147
lead_01839,sdr_02,disqualified,0,0,0,0.0423
lead_01840,sdr_01,mql,1,0,0,0.297
lead_01841,sdr_02,mql,1,0,0,0.0512
lead_01842,sdr_03,mql,1,0,0,0.1038
lead_01843,sdr_04,mql,1,0,0,0.1437
lead_01844,sdr_05,nurture,0,0,0,0.22
lead_01845,sdr_05,disqualified,0,0,0,0.1668
lead_01846,sdr_05,disqualified,0,0,0,0.1449
lead_01847,sdr_05,sql,1,1,0,0.1114
lead_01848,sdr_04,mql,1,0,0,0.1815
lead_01849,sdr_01,disqualified,0,0,0,0.2091
lead_01850,sdr_01,mql,1,0,0,0.0737
lead_01851,sdr_01,disqualified,0,0,0,0.1174
lead_01852,sdr_05,mql,1,0,0,0.214
lead_01853,sdr_04,mql,1,0,0,0.0923
lead_01854,sdr_03,sql,1,1,0,0.1083
lead_01855,sdr_05,mql,1,0,0,0.1184
lead_01856,sdr_01,disqualified,0,0,0,0.2222
lead_01857,sdr_05,nurture,0,0,0,0.0656
lead_01858,sdr_04,mql,1,0,0,0.2216
lead_01859,sdr_05,disqualified,0,0,0,0.1992
lead_01860,sdr_02,disqualified,0,0,0,0.0645
lead_01861,sdr_02,mql,1,0,0,0.0673
lead_01862,sdr_05,mql,1,0,0,0.2092
lead_01863,sdr_04,mql,1,0,0,0.0384
lead_01864,sdr_05,nurture,0,0,0,0.1144
lead_01865,sdr_01,mql,1,0,0,0.0852
lead_01866,sdr_05,mql,1,0,0,0.1162
lead_01867,sdr_04,opportunity,1,1,1,0.2324
lead_01868,sdr_01,nurture,0,0,0,0.1565
lead_01869,sdr_02,mql,1,0,0,0.0391
lead_01870,sdr_01,mql,1,0,0,0.1618
lead_01871,sdr_01,mql,1,0,0,0.1163
lead_01872,sdr_04,sql,1,1,0,0.2657
lead_01873,sdr_01,mql,1,0,0,0.0657
lead_01874,sdr_05,nurture,0,0,0,0.1289
lead_01875,sdr_02,mql,1,0,0,0.0396
lead_01876,sdr_01,nurture,0,0,0,0.3918
lead_01877,sdr_01,mql,1,0,0,0.1227
lead_01878,sdr_05,disqualified,0,0,0,0.1835
lead_01879,sdr_05,mql,1,0,0,0.1415
lead_01880,sdr_01,nurture,0,0,0,0.1119
lead_01881,,disqualified,0,0,0,0.0753
lead_01882,sdr_02,mql,1,0,0,0.0576
lead_01883,sdr_02,disqualified,0,0,0,0.0547
lead_01884,sdr_02,mql,1,0,0,0.0464
lead_01885,sdr_01,mql,1,0,0,0.1748
lead_01886,sdr_01,disqualified,0,0,0,0.102
lead_01887,sdr_01,disqualified,0,0,0,0.0792
lead_01888,sdr_05,nurture,0,0,0,0.0746
lead_01889,sdr_02,nurture,0,0,0,0.0434
lead_01890,sdr_01,disqualified,0,0,0,0.0747
lead_01891,sdr_05,mql,1,0,0,0.2063
lead_01892,sdr_01,disqualified,0,0,0,0.0878
lead_01893,sdr_01,nurture,0,0,0,0.2021
lead_01894,sdr_01,disqualified,0,0,0,0.0872
lead_01895,sdr_05,mql,1,0,0,0.0771
lead_01896,sdr_05,disqualified,0,0,0,0.1056
lead_01897,sdr_02,mql,1,0,0,0.0579
lead_01898,sdr_01,nurture,0,0,0,0.1417
lead_01899,sdr_05,disqualified,0,0,0,0.0988
lead_01900,sdr_01,mql,1,0,0,0.2974
lead_01901,sdr_05,sql,1,1,0,0.1911
lead_01902,sdr_03,mql,1,0,0,0.0898
lead_01903,sdr_01,disqualified,0,0,0,0.1505
lead_01904,sdr_02,disqualified,0,0,0,0.1112
lead_01905,sdr_03,nurture,0,0,0,0.1237
lead_01906,sdr_04,nurture,0,0,0,0.0496
lead_01907,sdr_05,disqualified,0,0,0,0.0598
lead_01908,sdr_05,mql,1,0,0,0.0666
lead_01909,sdr_02,disqualified,0,0,0,0.0518
lead_01910,sdr_01,disqualified,0,0,0,0.1141
lead_01911,sdr_04,nurture,0,0,0,0.0496
lead_01912,sdr_01,disqualified,0,0,0,0.0992
lead_01913,sdr_01,mql,1,0,0,0.1663
lead_01914,sdr_03,mql,1,0,0,0.1232
lead_01915,sdr_01,nurture,0,0,0,0.1214
lead_01916,sdr_01,opportunity,1,1,1,0.3092
lead_01917,sdr_05,nurture,0,0,0,0.1351
lead_01918,sdr_05,mql,1,0,0,0.2028
lead_01919,sdr_02,opportunity,1,1,1,0.0616
lead_01920,sdr_05,opportunity,1,1,1,0.3095
lead_01921,sdr_02,disqualified,0,0,0,0.0669
lead_01922,sdr_04,nurture,0,0,0,0.1939
lead_01923,sdr_01,opportunity,1,1,1,0.0988
lead_01924,sdr_01,disqualified,0,0,0,0.0612
lead_01925,sdr_03,mql,1,0,0,0.0963
lead_01926,sdr_01,mql,1,0,0,0.163
lead_01927,sdr_02,disqualified,0,0,0,0.0681
lead_01928,sdr_01,opportunity,1,1,1,0.0875
lead_01929,sdr_02,nurture,0,0,0,0.0614
lead_01930,sdr_04,nurture,0,0,0,0.0645
lead_01931,sdr_05,nurture,0,0,0,0.1493
lead_01932,sdr_01,disqualified,0,0,0,0.0789
lead_01933,sdr_03,sql,1,1,0,0.1667
lead_01934,sdr_05,disqualified,0,0,0,0.0709
lead_01935,sdr_05,mql,1,0,0,0.1601
lead_01936,sdr_01,sql,1,1,0,0.0797
lead_01937,sdr_01,disqualified,0,0,0,0.1248
lead_01938,sdr_01,mql,1,0,0,0.132
lead_01939,sdr_01,opportunity,1,1,1,0.1357
lead_01940,sdr_01,nurture,0,0,0,0.3028
lead_01941,sdr_01,disqualified,0,0,0,0.1273
lead_01942,sdr_01,nurture,0,0,0,0.1937
lead_01943,sdr_01,disqualified,0,0,0,0.082
lead_01944,sdr_01,opportunity,1,1,1,0.1962
lead_01945,sdr_01,opportunity,1,1,1,0.2191
lead_01946,sdr_05,mql,1,0,0,0.1435
lead_01947,sdr_02,disqualified,0,0,0,0.0553
lead_01948,sdr_05,mql,1,0,0,0.0779
lead_01949,sdr_05,disqualified,0,0,0,0.1426
lead_01950,sdr_05,mql,1,0,0,0.1401
lead_01951,sdr_03,mql,1,0,0,0.1121
lead_01952,sdr_05,disqualified,0,0,0,0.1105
lead_01953,sdr_03,mql,1,0,0,0.1466
lead_01954,sdr_05,nurture,0,0,0,0.1226
lead_01955,sdr_01,mql,1,0,0,0.2532
lead_01956,sdr_01,mql,1,0,0,0.1109
lead_01957,sdr_03,sql,1,1,0,0.1891
lead_01958,sdr_01,mql,1,0,0,0.0875
lead_01959,sdr_03,nurture,0,0,0,0.1358
lead_01960,sdr_03,mql,1,0,0,0.0763
lead_01961,sdr_02,mql,1,0,0,0.084
lead_01962,sdr_01,mql,1,0,0,0.2412
lead_01963,sdr_05,opportunity,1,1,1,0.2068
lead_01964,sdr_04,disqualified,0,0,0,0.0612
lead_01965,sdr_05,nurture,0,0,0,0.2113
lead_01966,sdr_05,mql,1,0,0,0.2688
lead_01967,sdr_04,nurture,0,0,0,0.196
lead_01968,sdr_01,mql,1,0,0,0.1061
lead_01969,sdr_05,nurture,0,0,0,0.0486
lead_01970,sdr_05,disqualified,0,0,0,0.0869
lead_01971,sdr_03,mql,1,0,0,0.1056
lead_01972,sdr_02,mql,1,0,0,0.0405
lead_01973,sdr_01,nurture,0,0,0,0.1494
lead_01974,sdr_01,mql,1,0,0,0.1102
lead_01975,sdr_02,disqualified,0,0,0,0.0697
lead_01976,sdr_05,nurture,0,0,0,0.2269
lead_01977,sdr_02,nurture,0,0,0,0.0746
lead_01978,sdr_01,opportunity,1,1,1,0.2537
lead_01979,sdr_04,mql,1,0,0,0.0572
lead_01980,sdr_01,nurture,0,0,0,0.0519
lead_01981,sdr_01,mql,1,0,0,0.1199
lead_01982,sdr_01,mql,1,0,0,0.1341
lead_01983,sdr_02,disqualified,0,0,0,0.0568
lead_01984,sdr_05,disqualified,0,0,0,0.0995
lead_01985,sdr_01,nurture,0,0,0,0.0905
lead_01986,sdr_02,mql,1,0,0,0.048
lead_01987,sdr_01,nurture,0,0,0,0.0613
lead_01988,sdr_01,nurture,0,0,0,0.0944
lead_01989,sdr_02,nurture,0,0,0,0.0394
lead_01990,sdr_03,mql,1,0,0,0.1362
lead_01991,sdr_03,disqualified,0,0,0,0.1162
lead_01992,sdr_05,nurture,0,0,0,0.2425
lead_01993,sdr_05,nurture,0,0,0,0.0934
lead_01994,sdr_02,nurture,0,0,0,0.0262
lead_01995,sdr_02,mql,1,0,0,0.0522
lead_01996,sdr_01,sql,1,1,0,0.2478
lead_01997,sdr_05,disqualified,0,0,0,0.3039
lead_01998,sdr_03,opportunity,1,1,1,0.0901
lead_01999,sdr_01,mql,1,0,0,0.2164
lead_02000,sdr_01,mql,1,0,0,0.2659
lead_02001,sdr_05,mql,1,0,0,0.0868
lead_02002,sdr_01,sql,1,1,0,0.1377
lead_02003,sdr_01,disqualified,0,0,0,0.1072
lead_02004,sdr_02,mql,1,0,0,0.0593
lead_02005,sdr_02,nurture,0,0,0,0.0592
lead_02006,sdr_02,opportunity,1,1,1,0.0303
lead_02007,sdr_01,mql,1,0,0,0.0601
lead_02008,sdr_01,mql,1,0,0,0.1531
lead_02009,sdr_01,nurture,0,0,0,0.2898
lead_02010,sdr_02,mql,1,0,0,0.049
lead_02011,sdr_03,mql,1,0,0,0.107
lead_02012,sdr_04,mql,1,0,0,0.2553
lead_02013,sdr_01,disqualified,0,0,0,0.0599
lead_02014,sdr_05,disqualified,0,0,0,0.1514
lead_02015,sdr_02,mql,1,0,0,0.0885
lead_02016,sdr_05,opportunity,1,1,1,0.1994
lead_02017,sdr_01,mql,1,0,0,0.0884
lead_02018,sdr_05,mql,1,0,0,0.1585
lead_02019,sdr_03,disqualified,0,0,0,0.1803
lead_02020,sdr_04,mql,1,0,0,0.1812
lead_02021,sdr_02,mql,1,0,0,0.0462
lead_02022,sdr_05,mql,1,0,0,0.0699
lead_02023,sdr_04,opportunity,1,1,1,0.2829
lead_02024,sdr_02,disqualified,0,0,0,0.0659
lead_02025,sdr_01,mql,1,0,0,0.064
lead_02026,sdr_01,disqualified,0,0,0,0.0939
lead_02027,sdr_02,mql,1,0,0,0.0535
lead_02028,sdr_05,nurture,0,0,0,0.2013
lead_02029,sdr_05,mql,1,0,0,0.1491
lead_02030,sdr_01,mql,1,0,0,0.2246
lead_02031,sdr_05,mql,1,0,0,0.0956
lead_02032,sdr_05,nurture,0,0,0,0.1885
lead_02033,sdr_01,mql,1,0,0,0.1038
lead_02034,sdr_01,mql,1,0,0,0.1062
lead_02035,sdr_01,sql,1,1,0,0.0966
lead_02036,sdr_05,nurture,0,0,0,0.1188
lead_02037,sdr_01,nurture,0,0,0,0.1116
lead_02038,sdr_01,nurture,0,0,0,0.0684
lead_02039,sdr_01,mql,1,0,0,0.1297
lead_02040,sdr_02,nurture,0,0,0,0.0741
lead_02041,sdr_05,opportunity,1,1,1,0.1653
lead_02042,sdr_05,nurture,0,0,0,0.2541
lead_02043,sdr_02,mql,1,0,0,0.0609
lead_02044,sdr_02,disqualified,0,0,0,0.0512
lead_02045,sdr_01,opportunity,1,1,1,0.1618
lead_02046,sdr_02,nurture,0,0,0,0.0479
lead_02047,sdr_01,disqualified,0,0,0,0.2207
lead_02048,sdr_04,mql,1,0,0,0.2539
lead_02049,sdr_01,mql,1,0,0,0.184
lead_02050,sdr_02,disqualified,0,0,0,0.0434
lead_02051,sdr_05,disqualified,0,0,0,0.1395
lead_02052,sdr_02,mql,1,0,0,0.0404
lead_02053,sdr_05,mql,1,0,0,0.0587
lead_02054,sdr_05,opportunity,1,1,1,0.1295
lead_02055,sdr_03,mql,1,0,0,0.1468
lead_02056,sdr_02,mql,1,0,0,0.0512
lead_02057,sdr_04,mql,1,0,0,0.0955
lead_02058,sdr_05,nurture,0,0,0,0.1612
lead_02059,sdr_03,nurture,0,0,0,0.1419
lead_02060,sdr_02,mql,1,0,0,0.0478
lead_02061,sdr_01,sql,1,1,0,0.3071
lead_02062,sdr_01,mql,1,0,0,0.0667
lead_02063,sdr_01,disqualified,0,0,0,0.2408
lead_02064,sdr_01,mql,1,0,0,0.2237
lead_02065,sdr_05,sql,1,1,0,0.1323
lead_02066,sdr_02,disqualified,0,0,0,0.0539
lead_02067,sdr_04,nurture,0,0,0,0.3014
lead_02068,sdr_02,mql,1,0,0,0.047
lead_02069,sdr_01,mql,1,0,0,0.1225
lead_02070,sdr_04,mql,1,0,0,0.1765
lead_02071,sdr_01,mql,1,0,0,0.1276
lead_02072,sdr_02,nurture,0,0,0,0.0435
lead_02073,sdr_02,disqualified,0,0,0,0.041
lead_02074,sdr_01,sql,1,1,0,0.1197
lead_02075,sdr_03,nurture,0,0,0,0.1069
lead_02076,sdr_01,mql,1,0,0,0.2018
lead_02077,sdr_01,mql,1,0,0,0.3077
lead_02078,sdr_01,disqualified,0,0,0,0.2729
lead_02079,sdr_05,nurture,0,0,0,0.1931
lead_02080,sdr_02,nurture,0,0,0,0.0865
lead_02081,sdr_04,sql,1,1,0,0.2586
lead_02082,sdr_01,disqualified,0,0,0,0.1407
lead_02083,sdr_01,sql,1,1,0,0.1793
lead_02084,sdr_05,nurture,0,0,0,0.1945
lead_02085,sdr_02,disqualified,0,0,0,0.0702
lead_02086,sdr_04,mql,1,0,0,0.1803
lead_02087,sdr_02,disqualified,0,0,0,0.0604
lead_02088,,disqualified,0,0,0,0.084
lead_02089,sdr_04,disqualified,0,0,0,0.0696
lead_02090,sdr_04,disqualified,0,0,0,0.094
lead_02091,sdr_01,disqualified,0,0,0,0.246
lead_02092,sdr_01,nurture,0,0,0,0.0771
lead_02093,sdr_05,nurture,0,0,0,0.1561
lead_02094,sdr_05,disqualified,0,0,0,0.2593
lead_02095,sdr_01,disqualified,0,0,0,0.1711
lead_02096,sdr_01,sql,1,1,0,0.1167
lead_02097,sdr_01,mql,1,0,0,0.2427
lead_02098,sdr_01,disqualified,0,0,0,0.1971
lead_02099,sdr_01,disqualified,0,0,0,0.2143
lead_02100,sdr_01,mql,1,0,0,0.2066
lead_02101,sdr_05,mql,1,0,0,0.0816
lead_02102,sdr_03,sql,1,1,0,0.1528
lead_02103,sdr_01,disqualified,0,0,0,0.1029
lead_02104,sdr_02,disqualified,0,0,0,0.0558
lead_02105,sdr_01,mql,1,0,0,0.0429
lead_02106,sdr_01,mql,1,0,0,0.0779
lead_02107,sdr_03,disqualified,0,0,0,0.142
lead_02108,sdr_02,nurture,0,0,0,0.0423
lead_02109,sdr_04,sql,1,1,0,0.0938
lead_02110,sdr_03,sql,1,1,0,0.1596
lead_02111,sdr_03,mql,1,0,0,0.1295
lead_02112,sdr_02,mql,1,0,0,0.047
lead_02113,sdr_01,disqualified,0,0,0,0.2282
lead_02114,sdr_02,nurture,0,0,0,0.0463
lead_02115,sdr_05,mql,1,0,0,0.1638
lead_02116,sdr_03,mql,1,0,0,0.1386
lead_02117,sdr_01,sql,1,1,0,0.1387
lead_02118,sdr_01,mql,1,0,0,0.0711
lead_02119,sdr_02,nurture,0,0,0,0.0313
lead_02120,sdr_02,mql,1,0,0,0.0735
lead_02121,sdr_02,mql,1,0,0,0.046
lead_02122,sdr_05,disqualified,0,0,0,0.1202
lead_02123,sdr_03,disqualified,0,0,0,0.1265
lead_02124,sdr_03,disqualified,0,0,0,0.0774
lead_02125,sdr_02,disqualified,0,0,0,0.0696
lead_02126,sdr_02,disqualified,0,0,0,0.0314
lead_02127,sdr_05,nurture,0,0,0,0.2
lead_02128,sdr_02,nurture,0,0,0,0.0631
lead_02129,sdr_01,mql,1,0,0,0.1553
lead_02130,sdr_05,disqualified,0,0,0,0.2071
lead_02131,sdr_05,opportunity,1,1,1,0.2544
lead_02132,sdr_02,disqualified,0,0,0,0.0637
lead_02133,,mql,1,0,0,0.098
lead_02134,sdr_05,sql,1,1,0,0.2884
lead_02135,sdr_01,disqualified,0,0,0,0.0875
lead_02136,sdr_05,opportunity,1,1,1,0.2825
lead_02137,sdr_01,mql,1,0,0,0.0813
lead_02138,sdr_05,disqualified,0,0,0,0.1795
lead_02139,sdr_05,sql,1,1,0,0.2423
lead_02140,sdr_05,opportunity,1,1,1,0.2714
lead_02141,sdr_01,nurture,0,0,0,0.1425
lead_02142,sdr_05,mql,1,0,0,0.2821
lead_02143,sdr_01,mql,1,0,0,0.0846
lead_02144,sdr_01,mql,1,0,0,0.0878
lead_02145,sdr_01,disqualified,0,0,0,0.2235
lead_02146,sdr_01,mql,1,0,0,0.296
lead_02147,sdr_02,disqualified,0,0,0,0.0666
lead_02148,sdr_02,mql,1,0,0,0.0614
lead_02149,sdr_01,mql,1,0,0,0.0776
lead_02150,sdr_04,disqualified,0,0,0,0.061
lead_02151,sdr_02,mql,1,0,0,0.0377
lead_02152,sdr_02,nurture,0,0,0,0.0652
lead_02153,sdr_03,mql,1,0,0,0.1179
lead_02154,sdr_05,disqualified,0,0,0,0.0656
lead_02155,sdr_05,mql,1,0,0,0.1847
lead_02156,sdr_01,mql,1,0,0,0.3116
lead_02157,sdr_02,mql,1,0,0,0.0871
lead_02158,sdr_01,mql,1,0,0,0.1164
lead_02159,sdr_03,mql,1,0,0,0.0879
lead_02160,sdr_02,mql,1,0,0,0.0415
lead_02161,sdr_01,disqualified,0,0,0,0.1398
lead_02162,sdr_04,nurture,0,0,0,0.2221
lead_02163,sdr_02,nurture,0,0,0,0.0435
lead_02164,sdr_02,nurture,0,0,0,0.0886
lead_02165,sdr_01,sql,1,1,0,0.0978
lead_02166,sdr_03,sql,1,1,0,0.0988
lead_02167,sdr_05,nurture,0,0,0,0.2732
lead_02168,sdr_03,disqualified,0,0,0,0.1169
lead_02169,sdr_02,disqualified,0,0,0,0.0973
lead_02170,sdr_05,sql,1,1,0,0.221
lead_02171,sdr_01,nurture,0,0,0,0.2742
lead_02172,sdr_05,mql,1,0,0,0.2296
lead_02173,sdr_03,mql,1,0,0,0.0844
lead_02174,sdr_02,nurture,0,0,0,0.0428
lead_02175,sdr_05,disqualified,0,0,0,0.1197
lead_02176,sdr_01,opportunity,1,1,1,0.2319
lead_02177,sdr_04,disqualified,0,0,0,0.0661
lead_02178,sdr_02,mql,1,0,0,0.026
lead_02179,sdr_01,disqualified,0,0,0,0.1598
lead_02180,sdr_01,mql,1,0,0,0.1036
lead_02181,sdr_03,mql,1,0,0,0.1191
lead_02182,sdr_01,opportunity,1,1,1,0.2251
lead_02183,sdr_02,disqualified,0,0,0,0.0466
lead_02184,sdr_05,mql,1,0,0,0.1135
lead_02185,sdr_01,mql,1,0,0,0.0803
lead_02186,sdr_02,mql,1,0,0,0.0692
lead_02187,sdr_01,disqualified,0,0,0,0.1311
lead_02188,sdr_05,disqualified,0,0,0,0.0683
lead_02189,sdr_01,disqualified,0,0,0,0.0498
lead_02190,sdr_01,sql,1,1,0,0.1287
lead_02191,sdr_01,mql,1,0,0,0.136
lead_02192,sdr_02,opportunity,1,1,1,0.0614
lead_02193,sdr_01,mql,1,0,0,0.1412
lead_02194,sdr_01,disqualified,0,0,0,0.1011
lead_02195,sdr_02,mql,1,0,0,0.0502
lead_02196,sdr_01,mql,1,0,0,0.2556
lead_02197,sdr_03,disqualified,0,0,0,0.094
lead_02198,sdr_04,nurture,0,0,0,0.3443
lead_02199,sdr_04,nurture,0,0,0,0.195
lead_02200,sdr_05,mql,1,0,0,0.0727
lead_02201,sdr_03,mql,1,0,0,0.1158
lead_02202,sdr_01,mql,1,0,0,0.0527
lead_02203,sdr_05,mql,1,0,0,0.0639
lead_02204,sdr_02,nurture,0,0,0,0.0808
lead_02205,sdr_04,nurture,0,0,0,0.1677
lead_02206,sdr_02,mql,1,0,0,0.0736
lead_02207,sdr_04,mql,1,0,0,0.0556
lead_02208,sdr_01,disqualified,0,0,0,0.1236
lead_02209,sdr_01,sql,1,1,0,0.0982
lead_02210,sdr_02,nurture,0,0,0,0.0418
lead_02211,sdr_01,disqualified,0,0,0,0.0646
lead_02212,sdr_03,nurture,0,0,0,0.0839
lead_02213,,opportunity,1,1,1,0.148
lead_02214,sdr_05,nurture,0,0,0,0.1858
lead_02215,sdr_05,mql,1,0,0,0.0579
lead_02216,sdr_01,nurture,0,0,0,0.0689
lead_02217,sdr_01,disqualified,0,0,0,0.1494
lead_02218,sdr_03,disqualified,0,0,0,0.0847
lead_02219,sdr_05,mql,1,0,0,0.1072
lead_02220,sdr_02,nurture,0,0,0,0.0708
lead_02221,sdr_03,nurture,0,0,0,0.1404
lead_02222,sdr_01,nurture,0,0,0,0.1525
lead_02223,sdr_03,disqualified,0,0,0,0.1361
lead_02224,sdr_03,mql,1,0,0,0.0762
lead_02225,sdr_03,nurture,0,0,0,0.1449
lead_02226,sdr_04,mql,1,0,0,0.0778
lead_02227,sdr_01,disqualified,0,0,0,0.1497
lead_02228,sdr_01,nurture,0,0,0,0.3367
lead_02229,sdr_04,disqualified,0,0,0,0.0456
lead_02230,sdr_02,disqualified,0,0,0,0.065
lead_02231,sdr_01,disqualified,0,0,0,0.1001
lead_02232,sdr_01,opportunity,1,1,1,0.2372
lead_02233,sdr_05,opportunity,1,1,1,0.1809
lead_02234,sdr_04,opportunity,1,1,1,0.1371
lead_02235,sdr_04,mql,1,0,0,0.0476
lead_02236,sdr_01,mql,1,0,0,0.143
lead_02237,sdr_01,mql,1,0,0,0.1367
lead_02238,sdr_05,mql,1,0,0,0.1771
lead_02239,sdr_01,nurture,0,0,0,0.0679
lead_02240,sdr_01,disqualified,0,0,0,0.1169
lead_02241,sdr_05,mql,1,0,0,0.2044
lead_02242,sdr_01,disqualified,0,0,0,0.216
lead_02243,sdr_02,mql,1,0,0,0.0394
lead_02244,sdr_03,opportunity,1,1,1,0.1054
lead_02245,sdr_04,mql,1,0,0,0.0811
lead_02246,sdr_03,mql,1,0,0,0.1495
lead_02247,sdr_01,sql,1,1,0,0.0796
